Dempsy,100,JUNGLE,True,2164,Jax,10,5,11,185,6,15327,24298,6377,17475,445,38557,6577,29151,0,2,5,11142,1,17742,29,196,26,13,2,2,False,False,False,False,1,0,0,0,6,5.9,5.1,,,422.1,460.90000000000003,548.5,,,299.7,436.9,443.9,,
phortwenty,100,JUNGLE,True,2164,JarvanIV,3,3,18,29,116,11648,10302,2089,7776,437,30727,10351,29325,77,4,2,965,0,33811,20,411,36,7,5,6,False,False,True,False,0,0,0,0,1,0.2,1,,,295.2,279,516.3,,,270.2,281.9,325.3,,
BasicallyCancer,100,MIDDLE,True,2164,Veigar,11,4,14,210,31,16118,35405,33651,635,1118,16017,2447,7501,17,13,1,7867,0,24283,47,326,44,19,2,4,False,False,False,True,2,0,0,0,6.800000000000001,7.8999999999999995,4.6,,,442.7,467,493.70000000000005,,,266.1,418.7,546.0999999999999,,
TES Major,100,BOTTOM,True,2164,Heimerdinger,8,2,14,173,0,12995,34108,32014,816,1277,19222,1607,9219,0,0,1,3131,0,19186,37,558,18,11,1,1,False,False,False,False,0,0,0,0,6.6,4.8,3.6,,,344.3,360.29999999999995,425.4,,,257,343.6,385.79999999999995,,
Aoife of Shadows,100,BOTTOM,True,2164,Soraka,0,3,19,15,0,8798,6623,5883,583,156,11394,30132,4434,0,0,0,661,1,1446,45,142,69,21,11,3,False,False,False,False,0,0,0,0,0.3,0.9,0.3,,,290.7,309.79999999999995,433.1,,,165.7,259.6,246.4,,
Łisk,200,TOP,False,2164,Aatrox,4,8,3,192,8,10979,17971,46,17924,0,36809,11918,33121,4,4,0,982,0,982,20,141,26,9,3,2,False,False,False,False,0,0,0,0,6.2,5.1,5.6,,,461.8,381.8,373.3,,,246.1,295.4,322.2,,
Yodigi7,200,JUNGLE,False,2164,Nunu,3,6,9,49,156,12164,9221,8698,276,246,38083,18995,37471,113,0,0,0,0,12745,27,530,34,9,3,4,True,False,False,False,0,0,0,0,0,1,2.2,,,313.70000000000005,475,377.2,,,305.4,319.4,277.5,,
Endowed,200,MIDDLE,False,2164,TwistedFate,6,5,5,232,20,14689,32261,28498,2223,1539,25125,7395,14906,20,0,1,2203,0,3364,27,249,27,11,3,1,False,False,False,False,0,0,0,0,7.3,4.8,6.3,,,537,390.9,362.5,,,355,338.70000000000005,360.4,,
Buzz  Łightyear,200,BOTTOM,False,2164,Cassiopeia,3,7,5,189,8,11338,18165,17686,478,0,23470,5140,13459,8,0,0,287,0,1697,32,978,18,12,3,0,False,False,False,False,0,0,0,0,5.9,5,4.4,,,297.9,322.3,296.70000000000005,,,237.8,346.6,273.1,,
Alex123Gaming,200,BOTTOM,False,2164,Leona,1,6,8,32,0,7237,3537,2621,916,0,16396,91,21379,0,0,0,182,0,1068,26,132,74,32,12,9,False,False,False,False,0,0,0,0,1.1,1.1,0.8999999999999999,,,233.5,303.5,251.70000000000002,,,156.5,253,171,,
Łisk,100,TOP,True,1858,Mordekaiser,8,4,8,211,14,15125,22412,19388,3024,0,25423,5292,31193,0,11,1,3578,0,9321,15,388,21,13,1,3,False,False,False,False,0,0,0,0,4.7,8.3,7.9,,,431.5,672.2,697.7,,,206.5,590.3,618.4,,
Yodigi7,100,JUNGLE,True,1858,Sejuani,5,3,9,66,120,11861,13301,5696,6671,934,30749,8616,29657,84,0,1,466,0,28508,30,348,39,10,5,4,False,False,False,False,0,0,0,0,0.4,1.8,3.7,,,265.9,514.3,587.9,,,220.1,379.2,407.9,,
Endowed,100,MIDDLE,True,1858,Camille,5,4,9,157,22,11806,17265,257,13054,3954,23789,2749,24108,9,4,1,4972,1,10871,20,169,24,10,4,0,False,False,False,False,1,0,0,0,6,5.2,3.6999999999999997,,,443.5,439.9,563.6,,,225.9,407.5,432.9,,
Buzz  Łightyear,100,BOTTOM,True,1858,Ezreal,8,3,7,107,20,11429,17353,7432,9920,0,16636,2564,6124,0,0,3,4247,0,19608,0,1,15,9,1,1,True,False,False,False,1,0,0,0,5.4,3.8,1.4,,,285.9,409.2,418.7,,,259.20000000000005,370.6,426.9,,
Alex123Gaming,100,BOTTOM,True,1858,Senna,1,5,15,26,2,8475,8760,0,8760,0,13418,10085,6714,0,0,2,3312,1,10930,19,85,62,24,13,6,False,False,False,False,0,0,0,0,0.1,0.8,1.7,,,273.9,226.2,507.4,,,166.3,241.3,326.7,,
Dempsy,200,TOP,False,1858,Renekton,5,6,4,165,8,11197,11538,1825,9568,144,29510,5317,20405,8,0,1,3751,1,3751,22,93,28,9,5,3,False,False,False,False,1,0,0,0,6.8,7,2.7,,,448.8,444,419.70000000000005,,,249.8,407.29999999999995,400.79999999999995,,
phortwenty,200,JUNGLE,False,1858,JarvanIV,2,4,10,28,104,9294,9542,1965,6433,1144,24729,6380,20290,85,8,0,0,0,1272,15,379,28,9,6,9,False,False,False,False,0,0,0,0,0.1,0.8999999999999999,1.6,,,269.20000000000005,306.1,466.9,,,220.9,348.8,294.4,,
BasicallyCancer,200,MIDDLE,False,1858,Yasuo,7,5,5,232,12,13030,21526,1973,18760,792,23583,5387,25711,8,4,3,7807,0,7807,30,177,14,10,1,1,False,False,False,False,0,0,0,0,8.399999999999999,6.9,7.7,,,475.5,463.6,658.6,,,268.1,393.6,576.7,,
TES Major,200,BOTTOM,False,1858,Malzahar,5,6,5,208,0,11904,29239,28966,272,0,13487,96,9178,0,0,2,4404,0,4404,45,530,28,11,0,1,False,False,False,False,1,0,0,0,6.2,8,6.300000000000001,,,291.6,468.5,499.7,,,218.2,443.3,453.9,,
Aoife of Shadows,200,BOTTOM,False,1858,Nami,0,6,10,11,0,6714,6909,6183,725,0,10931,8482,8479,0,0,0,492,0,663,26,89,44,17,3,2,False,False,False,False,0,0,0,0,0,0.4,0.7,,,273.29999999999995,316.7,344.4,,,126.30000000000001,265.6,215.89999999999998,,
Dempsy,100,TOP,True,1601,875,1,1,6,176,4,9249,11221,423,8608,2189,17016,1754,15039,4,0,1,4734,0,7623,18,153,13,7,2,3,False,False,False,False,0,0,0,0,6.9,7.6000000000000005,,,,404,551.9,,,,222.7,356.79999999999995,,,
phortwenty,100,JUNGLE,True,1601,Trundle,6,1,8,18,89,9640,7947,2915,4122,910,29624,15160,21172,71,0,1,3573,0,16230,22,269,20,9,1,4,True,False,False,True,0,0,0,0,0.4,0.6,,,,252.7,318,,,,290.6,288.9,,,
BasicallyCancer,100,MIDDLE,True,1601,Azir,7,0,6,176,16,11067,24034,22291,811,931,10280,2432,5874,0,12,3,8174,1,17331,12,141,26,12,3,4,False,False,False,True,1,0,0,0,7.5,7.9,,,,434.7,486.29999999999995,,,,265.6,403.8,,,
TES Major,100,BOTTOM,True,1601,Jinx,3,1,9,143,8,9197,13271,400,12871,0,12968,1881,5750,0,0,2,5466,0,14988,14,58,15,9,0,1,False,False,True,False,1,0,0,0,5.5,5.6,,,,291.79999999999995,403.1,,,,220.1,302.5,,,
Aoife of Shadows,100,BOTTOM,True,1601,Soraka,0,0,13,9,0,6611,6074,5016,1057,0,4189,18995,1756,0,0,1,890,0,1678,34,134,44,14,7,1,False,False,False,True,0,0,0,0,0,0.8,,,,261.7,284.3,,,,165.4,217,,,
Łisk,200,TOP,False,1601,Ornn,0,5,3,122,0,6494,11634,7957,3676,0,17468,0,19702,0,0,0,742,0,742,20,262,10,5,1,0,False,False,False,False,0,0,0,0,4.4,5.6,,,,428.4,465,,,,197.8,271.20000000000005,,,
Yodigi7,200,JUNGLE,False,1601,Warwick,0,6,2,19,118,6993,5649,3326,1344,978,27164,10699,15686,78,10,0,0,0,10692,19,214,20,3,4,4,False,False,False,False,0,0,0,0,0.4,1.3,,,,286.9,378.2,,,,228.10000000000002,289,,,
Endowed,200,MIDDLE,False,1601,Kassadin,3,3,0,182,7,9068,12284,11196,733,354,20332,4372,11661,7,0,0,1327,0,1570,12,135,13,8,1,1,False,False,False,False,0,0,0,0,6.8999999999999995,8.3,,,,437.29999999999995,512.7,,,,245.7,411.79999999999995,,,
Buzz  Łightyear,200,BOTTOM,False,1601,Senna,0,3,2,60,0,6106,11917,0,11917,0,9932,7096,4134,0,0,0,2085,0,2085,51,164,26,16,1,3,False,False,False,False,0,0,0,0,1.1,3.5999999999999996,,,,261.3,401.8,,,,172.2,243.10000000000002,,,
Alex123Gaming,200,BOTTOM,False,1601,TahmKench,0,0,1,109,0,6125,2667,2098,209,360,8663,2332,8477,0,0,1,1149,0,1149,7,62,27,15,5,7,False,False,False,False,0,0,0,0,5,4.1,,,,267.2,283.9,,,,209.3,220.9,,,
Noxian Exile,100,TOP,True,1903,Garen,10,0,9,218,24,15487,20481,213,15982,4285,16071,3665,31581,0,9,7,15760,1,28304,33,101,21,11,3,2,False,False,False,True,2,0,0,0,7.1,7.5,6.6,,,501,509.3,596.4,,,311,567,515.7,,
whathead,100,JUNGLE,True,1903,JarvanIV,6,4,17,37,92,11358,10845,1580,8880,384,22687,4888,23503,56,4,2,2747,0,25278,26,311,20,5,6,0,True,False,True,False,1,0,0,0,0.1,0.6,2.2,,,253.5,345.5,365.4,,,308.7,371.20000000000005,308.8,,
Candle King,100,MIDDLE,True,1903,Zoe,6,2,13,139,4,10883,16628,12682,1732,2213,9841,1613,5286,4,0,0,3003,1,9908,27,117,37,16,6,6,False,False,False,False,0,0,0,0,6.3,4.7,2.6,,,482.1,365.6,335.6,,,318.5,352.6,299.2,,
Bowling Pin,100,BOTTOM,True,1903,Twitch,4,1,9,155,32,11557,10188,678,7854,1656,9127,2116,5918,16,8,1,3788,1,15214,15,458,26,7,4,2,False,False,False,False,1,0,0,0,4.800000000000001,4.5,5.4,,,315.1,348.7,362.5,,,190.5,343.7,428.5,,
Poptartism,100,BOTTOM,True,1903,Nami,1,0,17,16,0,7906,4895,3531,754,610,3583,10595,3504,0,0,1,2209,0,3242,15,87,70,30,13,9,False,False,False,False,0,0,0,0,0,0.5,0.8999999999999999,,,266.7,280.9,403.7,,,132.3,265.8,283.2,,
LastOfADyingBrEd,200,TOP,False,1903,875,1,7,2,149,4,8250,6077,0,4552,1524,19374,210,16175,4,0,0,1278,0,1293,18,89,20,6,5,3,False,False,False,False,0,0,0,0,4.5,5.6,4.5,,,363,423.9,359.9,,,204,296.7,249,,
N1zero,200,JUNGLE,False,1903,Vi,1,8,4,70,126,10126,6268,0,5620,647,20699,5647,20842,104,0,0,0,0,8431,16,249,23,5,5,4,False,False,False,False,0,0,0,0,0.1,0.5,5.2,,,287.5,354.6,523.5999999999999,,,238.5,352.29999999999995,321.9,,
xDanceGavinDance,200,MIDDLE,False,1903,Galio,4,5,3,149,4,9447,13125,12415,51,658,20057,225,20180,4,0,0,0,0,260,35,76,12,11,0,3,False,False,False,False,0,0,0,0,5.4,3.4,5.4,,,426,293.9,414.8,,,204.5,321.5,328.8,,
Muddey,200,BOTTOM,False,1903,Kaisa,1,2,1,228,8,10135,8014,2242,5286,485,9269,875,3858,4,0,0,150,0,353,0,0,27,6,8,4,False,False,False,False,0,0,0,0,8.3,7.4,6.699999999999999,,,317.7,373.1,372.6,,,287.6,285.9,354.3,,
Mxn Potato,200,BOTTOM,False,1903,Nautilus,0,5,3,31,0,5919,4373,3119,914,339,16519,873,22771,0,0,0,0,0,273,36,296,63,38,6,7,False,False,False,False,0,0,0,0,1.1,1.2,0.7,,,290.6,205.10000000000002,287.9,,,156.1,185.8,173.6,,
N1zero,100,TOP,False,1961,Maokai,3,4,9,127,9,8852,14842,11904,2937,0,30745,11076,31217,9,0,1,850,0,3341,73,470,23,12,5,4,False,False,False,False,0,0,0,0,5.6,3.7,3.0999999999999996,,,440.20000000000005,409,435.7,,,215.2,303.8,245.2,,
LastOfADyingBrEd,100,JUNGLE,False,1961,Kayn,3,9,7,16,120,10033,14379,309,13262,808,32189,14295,22623,92,0,0,1371,0,16382,19,269,18,5,4,4,False,False,False,False,1,0,0,0,0,0.7,0.8,,,263.3,323.1,456.59999999999997,,,231.2,264,383.5,,
xDanceGavinDance,100,MIDDLE,False,1961,Ryze,6,5,11,163,10,11823,18189,17361,828,0,25988,8679,14255,8,0,2,2978,0,10895,17,82,19,12,1,2,False,False,False,False,0,0,0,0,6.2,4.5,4.3,,,414.7,414,477.2,,,225.9,352.1,427.20000000000005,,
Muddey,100,BOTTOM,False,1961,MissFortune,9,5,6,225,14,14617,23472,1507,21799,166,18364,2959,11773,10,4,1,4271,0,11606,8,177,28,11,8,6,False,False,False,False,1,1,1,0,7.5,5.800000000000001,7.9,,,307.9,345.5,526.3,,,253.7,408.9,625.3,,
Mxn Potato,100,BOTTOM,False,1961,Nami,0,7,19,10,1,7197,6636,5750,886,0,14883,9132,10017,1,0,0,972,0,1318,33,157,69,40,7,7,False,False,False,False,0,0,0,0,0.1,0.3,0.6,,,250.60000000000002,298.4,501.5,,,130.9,241.70000000000002,234.60000000000002,,
Noxian Exile,200,TOP,True,1961,Mordekaiser,3,3,6,175,21,11630,20815,17928,2626,260,26475,9409,23640,5,9,2,3142,1,12385,16,214,32,9,8,4,False,False,False,False,0,0,0,0,6.8,6.300000000000001,3.1,,,429.8,550.4000000000001,359.6,,,241.1,409.4,327.4,,
whathead,200,JUNGLE,True,1961,Vi,4,6,4,40,89,9875,7752,88,7090,574,27609,6944,24737,57,1,2,2220,0,30494,16,139,28,4,8,2,False,False,True,False,0,0,0,0,0.2,0.6,1.7,,,273.9,203.2,446.3,,,251.7,248.10000000000002,343,,
Candle King,200,MIDDLE,True,1961,Qiyana,5,6,12,139,1,11107,17883,934,16353,596,21339,3391,11353,0,1,0,1321,0,3081,30,156,39,28,4,12,False,False,False,False,1,0,0,0,6.2,4.6,1.7000000000000002,,,511.3,319.7,379.8,,,331.20000000000005,282.5,269.8,,
Bowling Pin,200,BOTTOM,True,1961,Draven,16,3,7,168,52,18145,42105,2155,38942,1008,20189,2774,22735,24,8,3,8244,0,33527,11,93,23,11,4,2,True,False,False,True,3,2,1,1,7.4,5.199999999999999,2.9,,,311.3,433.6,576.1,,,308.2,674.5999999999999,580.4,,
Poptartism,200,BOTTOM,True,1961,Yuumi,2,3,22,6,0,9610,8943,6119,552,2271,6405,19111,4000,0,0,0,0,0,618,21,39,43,27,2,8,False,False,False,True,0,0,0,0,0,0.4,0,,,308.3,385.7,447.6,,,152.3,374,301.1,,
source35,100,TOP,False,2306,875,4,10,1,146,8,11263,20755,300,14646,5808,33157,2403,34498,4,0,0,1809,0,4507,36,204,33,16,4,6,False,False,False,True,0,0,0,0,3.5,4,3.9000000000000004,,,371.8,394.40000000000003,299.1,,,209.9,326.1,239.2,,
Xanielson,100,JUNGLE,False,2306,Trundle,0,6,7,29,148,10482,7189,2156,4212,820,34710,15715,20900,120,4,1,1510,0,14507,22,342,46,18,6,11,False,False,True,False,0,0,0,0,0.1,1.1,0.6,,,266.6,312.20000000000005,339.3,,,211.7,324.8,256,,
Nøtëz,100,MIDDLE,False,2306,Leblanc,3,9,4,162,8,10636,17915,15016,1330,1568,24392,1570,10256,4,0,0,200,0,1402,25,40,34,14,5,13,False,False,False,False,0,0,0,0,6.5,3.7,3,,,441.2,351.3,342.70000000000005,,,226.7,307,288.3,,
MG Dilly,100,BOTTOM,False,2306,Jinx,7,6,4,329,27,17551,36424,2108,33056,1260,21927,2352,14335,18,0,1,2085,0,6415,29,146,24,13,3,2,False,False,False,False,1,0,0,0,6.9,8.4,11.7,,,294.9,375.5,664.5999999999999,,,269.79999999999995,398.2,596,,
Kalliroe,100,BOTTOM,False,2306,Leona,2,6,6,36,0,7812,6435,3899,1562,973,21905,2697,26815,0,0,0,0,0,454,41,72,75,29,14,8,False,False,False,False,1,0,0,0,1.1,1.2000000000000002,1,,,270.9,262.9,227.4,,,155.4,265.1,172.4,,
devil hosting,200,TOP,True,2306,Kled,11,5,14,164,4,15417,29516,584,28018,913,39368,7581,35623,0,0,2,10288,1,24173,17,167,27,9,10,1,True,False,False,False,1,0,0,0,5.300000000000001,3,4.6,,,427,478.40000000000003,315.79999999999995,,,276.1,540.8,309.6,,
SecretlyGayPengu,200,JUNGLE,True,2306,Zac,5,1,22,21,190,14548,13410,11663,484,1262,36658,41256,37693,139,4,3,1246,0,21015,38,720,26,2,9,2,False,False,False,False,0,0,0,0,0,0.8,0.30000000000000004,,,314,510.5,499.8,,,268.2,360.1,435.1,,
Garźa,200,MIDDLE,True,2306,Veigar,11,2,10,218,4,14993,16015,14593,924,497,18821,5721,9906,1,0,2,4156,1,16825,34,157,25,10,1,1,False,False,False,False,2,1,0,0,7.3999999999999995,5.9,4.7,,,436.9,512.5,441.9,,,244.10000000000002,356.5,405.6,,
Alumyn,200,BOTTOM,True,2306,Ezreal,9,3,18,192,30,15495,30309,8481,20142,1686,15221,3934,7729,10,4,1,3911,0,27590,0,34,38,17,5,5,False,False,False,False,2,0,0,0,7,4,5,,,299.9,432,440,,,245.7,334,475.7,,
Sammy2Slap,200,BOTTOM,True,2306,Nautilus,1,5,22,36,0,10142,10531,5981,2173,2377,22737,8354,40401,0,0,1,1771,0,9416,63,277,81,31,11,3,False,False,False,False,0,0,0,0,1.1,0.7,0.7,,,235.1,307.5,360.8,,,149.5,259.3,251,,
yOuChoiceTodie,100,TOP,True,1708,875,15,3,7,160,4,14192,28268,829,24555,2884,24502,4578,21790,0,0,3,10053,0,13953,32,212,16,9,2,0,True,False,False,False,4,3,0,0,6.6,5.4,,,,451.9,515.2,,,,330.9,520.5999999999999,,,
SecretlyGayPengu,100,JUNGLE,True,1708,Zac,3,0,15,15,168,10602,12600,10899,769,932,29484,34633,24710,96,21,1,225,0,22047,33,620,18,2,4,2,False,False,False,False,0,0,0,0,0.3,0.8999999999999999,,,,283.6,497.3,,,,266.7,362.1,,,
Garźa,100,MIDDLE,True,1708,Ekko,8,2,6,157,0,10937,14205,12186,2019,0,19896,5518,10011,0,0,2,4036,0,7575,11,213,25,10,3,2,False,False,False,False,2,0,0,0,5.9,5.699999999999999,,,,449.4,516.6,,,,248.3,415.4,,,
devil hosting,100,BOTTOM,True,1708,Aphelios,4,5,16,188,8,11046,27015,2797,24218,0,14441,2481,11879,4,0,1,3837,1,9719,23,173,12,4,1,3,False,False,False,False,1,0,0,0,5.7,7.300000000000001,,,,293.8,389.5,,,,286.8,326.9,,,
Alumyn,100,BOTTOM,True,1708,Lulu,3,2,22,39,0,9345,7073,5361,1328,384,11103,1993,6588,0,0,0,1874,0,4860,35,191,48,24,8,7,False,False,False,False,0,0,0,0,1.2,1.8,,,,275.4,427.3,,,,183,382.3,,,
source35,200,TOP,False,1708,Ornn,1,8,3,138,0,8304,12810,7269,5371,169,22676,527,28633,0,0,0,1384,0,1487,31,519,22,11,1,3,False,False,False,True,0,0,0,0,5.6,4.6,,,,457.20000000000005,367.70000000000005,,,,294.7,290,,,
Xanielson,200,JUNGLE,False,1708,Trundle,4,7,4,42,108,9232,11830,3239,7404,1186,34045,13678,24744,81,8,1,285,0,21561,22,371,28,7,5,7,False,False,True,False,0,0,0,0,0.7,0.9,,,,337.9,335,,,,329.29999999999995,320.70000000000005,,,
Nøtëz,200,MIDDLE,False,1708,Swain,1,6,4,164,6,8177,15359,14419,940,0,25586,6415,11350,1,0,0,764,0,6592,34,354,22,11,2,7,False,False,False,False,0,0,0,0,6.7,6.1,,,,447.4,423.3,,,,243.4,289.3,,,
MG Dilly,200,BOTTOM,False,1708,Twitch,4,6,4,133,4,9498,12577,857,9261,2458,15299,3251,8983,0,0,0,0,0,3070,22,361,16,8,1,1,False,False,False,False,0,0,0,0,4.9,5.699999999999999,,,,261.29999999999995,332.3,,,,254.2,379.4,,,
Kalliroe,200,BOTTOM,False,1708,Nami,2,6,6,9,0,6218,7129,5829,707,592,13239,4648,7338,0,0,0,0,0,491,25,87,50,18,8,6,False,False,False,False,0,0,0,0,0,0.7,,,,250,257.4,,,,177.3,207.2,,,
Fresh53,100,TOP,False,1572,Shen,2,7,5,101,6,6964,9222,3406,5208,606,21728,1696,22405,3,0,0,1464,0,3172,27,204,21,9,4,1,False,False,False,False,0,0,0,0,3.6,4.6,,,,367.8,409.3,,,,169.89999999999998,232.4,,,
Overlord Cuda,100,JUNGLE,False,1572,Nunu,5,7,10,46,105,10169,12633,9004,2103,1525,38058,21609,39936,84,0,0,822,0,7155,40,404,27,10,4,6,False,False,False,False,1,0,0,0,0.1,3.3,,,,292,576.5999999999999,,,,272.8,412.4,,,
Zoe Exotic,100,MIDDLE,False,1572,Vladimir,7,3,6,184,0,11873,16776,15460,896,420,19598,14713,9955,0,0,1,3033,0,10589,4,67,10,5,1,3,False,False,False,False,1,0,0,0,6.9,8,,,,464,541.4,,,,284.7,360.7,,,
Atílla,100,BOTTOM,False,1572,Ashe,3,6,6,138,4,8504,11391,978,10412,0,13621,1885,9549,4,0,1,847,0,5778,39,543,25,12,3,5,False,False,False,False,0,0,0,0,6.8,4.5,,,,274.20000000000005,277.1,,,,238.5,326.3,,,
KillaTron100,100,BOTTOM,False,1572,Taric,0,6,9,30,0,5918,6171,3608,2032,530,18954,9966,19155,0,0,0,0,0,895,24,44,33,23,3,6,False,False,False,False,0,0,0,0,1.1,1.8,,,,222.9,334.4,,,,155.4,213.5,,,
GE Amazarashi ,200,TOP,True,1572,Ornn,2,4,14,136,4,8910,18201,10168,7920,113,21602,2578,24056,4,0,2,3904,0,6359,51,549,13,8,1,0,False,False,False,False,0,0,0,0,5.300000000000001,5.9,,,,454.1,470.2,,,,278.7,357.9,,,
THC Rich ,200,JUNGLE,True,1572,Shyvana,5,4,10,44,120,10311,14350,10822,2714,813,22333,8956,15528,80,8,3,3198,1,38025,7,90,25,3,6,3,True,False,False,False,0,0,0,0,0.6,2.1,,,,347.9,492.70000000000005,,,,314.6,430.7,,,
THC Venom,200,MIDDLE,True,1572,Yasuo,12,3,5,165,17,12455,24315,3419,19959,936,14873,4742,15435,4,9,2,4225,0,9550,27,129,19,8,5,0,False,False,False,True,2,2,0,0,7.6,7.1,,,,466.3,521.6,,,,324.3,569,,,
Momma Skwiwi,200,BOTTOM,True,1572,Zyra,8,2,8,140,8,10390,20513,19448,1047,18,8134,2772,3406,0,0,0,1517,0,4364,69,378,30,16,4,9,False,False,False,False,1,0,0,0,6.8,6.1,,,,311.6,457.6,,,,323.1,393.8,,,
THC Daddy Spark,200,BOTTOM,True,1572,Maokai,2,4,13,43,4,7637,11252,9384,1114,753,18253,4764,20392,0,4,1,2267,0,2776,60,297,50,20,8,8,False,False,True,False,0,0,0,0,1.2,2.5,,,,282.29999999999995,377.2,,,,172.6,360.79999999999995,,,
GE Amazarashi ,100,TOP,False,2212,Urgot,6,3,3,243,64,15814,19611,14,18139,1457,34076,16084,63118,44,8,2,4239,0,18369,42,712,32,13,6,2,False,False,False,False,0,0,0,0,5.9,9.100000000000001,5.9,,,563.3,648.2,525.8,,,338.3,461.2,429.9,,
THC Rich ,100,JUNGLE,False,2212,LeeSin,1,7,5,28,160,10591,8803,997,7469,336,31571,8776,30572,90,18,0,285,0,31369,22,404,39,13,4,3,False,False,False,False,0,0,0,0,0,1.1,0.8,,,304.29999999999995,364.9,317.20000000000005,,,281.29999999999995,303.4,259.9,,
THC Venom,100,MIDDLE,False,2212,Ahri,2,5,5,203,8,11543,24069,15932,1326,6810,20759,5573,11914,8,0,1,2003,0,2987,29,109,23,11,6,0,True,False,False,False,0,0,0,0,6.8,5.9,5,,,436.20000000000005,373.6,349.5,,,302.3,304.4,292.9,,
Momma Skwiwi,100,BOTTOM,False,2212,Caitlyn,6,3,3,227,9,14692,16911,2753,13511,646,17890,5107,8791,9,0,1,3650,0,12143,19,99,41,15,9,5,False,False,False,False,1,1,0,0,6,8.399999999999999,6.300000000000001,,,296.9,389.9,367.3,,,226.8,319.5,432.40000000000003,,
THC Daddy Spark,100,BOTTOM,False,2212,Morgana,1,8,6,33,4,8341,16888,15292,820,776,21630,4646,11184,4,0,1,969,0,2162,64,103,75,37,10,4,False,False,False,True,0,0,0,0,0.7,0.9,1.5,,,239,236.9,338.1,,,171.6,228.5,248.5,,
Fresh53,200,TOP,True,2212,Poppy,2,6,8,197,5,12018,11342,3424,6841,1076,26941,5411,60046,1,2,2,4936,0,9148,25,563,31,13,3,3,False,False,False,False,0,0,0,0,4,7.5,5.4,,,365.9,532.2,615,,,186.6,300.6,407.5,,
Overlord Cuda,200,JUNGLE,True,2212,JarvanIV,5,5,20,38,123,13004,17203,4401,12125,676,42319,13162,43120,90,1,1,3477,0,18300,30,348,32,6,7,6,False,False,False,False,1,0,0,0,0.3,1.4000000000000001,1.9000000000000001,,,255.3,409.70000000000005,522.2,,,212,338.7,410.2,,
Zoe Exotic,200,MIDDLE,True,2212,Orianna,11,1,9,234,20,17493,24721,22220,1193,1307,12599,1863,8681,20,0,0,3156,1,14825,20,245,18,8,2,3,False,False,False,False,4,1,0,0,6.5,9.1,4.3,,,436.4,526.1,520.1,,,240.29999999999998,373.5,594.2,,
Atílla,200,BOTTOM,True,2212,Sivir,7,2,13,233,21,14285,23424,2479,20288,655,10948,2300,12887,12,5,3,5692,0,16750,0,20,43,22,3,9,False,False,False,False,0,0,0,0,5,7.5,6.4,,,323.2,376.20000000000005,577,,,201.4,348.8,470,,
KillaTron100,200,BOTTOM,True,2212,Janna,1,2,17,16,4,8924,9974,8138,1305,530,14492,13020,10733,0,0,1,2257,0,5317,49,165,87,38,11,7,False,False,False,False,0,0,0,0,0.30000000000000004,0.2,0.6,,,240.20000000000002,306.8,445.5,,,184,187.6,278.3,,
GE Amazarashi ,100,TOP,True,1675,Ornn,4,2,7,166,4,10474,18536,10773,7542,220,18602,4467,31072,4,0,2,7895,0,17404,33,492,35,11,5,2,False,False,True,False,0,0,0,0,3.4000000000000004,7.5,,,,409.79999999999995,563.9,,,,213.39999999999998,410.1,,,
THC Rich ,100,JUNGLE,True,1675,Amumu,11,2,7,23,155,12178,12990,9833,1518,1638,23948,9006,23536,93,15,1,1136,0,36644,40,396,36,5,8,5,False,False,False,False,3,0,0,0,0,0.6,,,,335.5,444.1,,,,287.5,458,,,
THC Venom,100,MIDDLE,True,1675,Gangplank,6,1,11,196,13,13073,20802,4631,13024,3146,15902,5121,8890,4,5,3,5088,0,13330,14,287,12,7,1,0,False,False,False,False,1,0,0,0,8.7,8.2,,,,457.1,477.79999999999995,,,,318.79999999999995,472.2,,,
Momma Skwiwi,100,BOTTOM,True,1675,Orianna,0,1,16,155,4,9062,8126,7612,376,136,10552,3447,7846,0,0,0,1961,0,3846,16,212,30,12,5,4,False,False,False,False,0,0,0,0,6.3,6.1,,,,305.5,401.8,,,,243.39999999999998,338.2,,,
THC Daddy Spark,100,MIDDLE,True,1675,875,5,3,6,56,9,8606,10091,557,7716,1817,18410,2632,17480,0,1,1,1382,1,10306,13,71,66,22,14,5,False,False,False,False,1,0,0,0,1.3,2.2,,,,267.20000000000005,330,,,,152.7,291.6,,,
Hawk21js,200,TOP,False,1675,Kled,2,5,1,163,7,8642,9959,0,9629,330,28189,1936,20488,3,0,0,1254,0,2581,6,89,20,13,2,5,False,False,False,False,1,0,0,0,6.1,6.699999999999999,,,,419.79999999999995,428.8,,,,237,299.9,,,
Overlord Cuda,200,JUNGLE,False,1675,JarvanIV,4,8,4,19,102,8532,7445,2168,4660,616,24478,6577,21905,95,0,0,0,0,3264,15,391,16,4,3,3,True,False,False,False,0,0,0,0,0.2,0.8999999999999999,,,,293.79999999999995,305.5,,,,280.5,311.5,,,
Zoe Exotic,200,MIDDLE,False,1675,Ziggs,2,2,1,189,5,9266,16722,16345,377,0,9893,369,5360,5,0,0,0,0,424,14,240,11,6,0,2,False,False,False,False,0,0,0,0,7.199999999999999,6.8,,,,435.7,409.1,,,,246.7,272.5,,,
Atílla,200,BOTTOM,False,1675,Sivir,0,5,5,197,0,8661,13644,793,12851,0,12046,2508,5227,0,0,1,1752,0,3762,0,0,18,14,2,7,False,False,False,False,0,0,0,0,6.6,7.1,,,,301.20000000000005,395.20000000000005,,,,239.39999999999998,316.20000000000005,,,
KillaTron100,200,BOTTOM,False,1675,Thresh,1,6,5,32,0,6137,5573,4973,599,0,13879,1081,14032,0,0,0,823,0,1014,39,98,55,29,6,3,False,False,False,False,0,0,0,0,1.4,1.6,,,,240.6,232.60000000000002,,,,147.6,227.89999999999998,,,
notsosavagec,100,TOP,False,2764,Garen,7,6,2,293,14,17996,33542,168,26570,6803,44128,7839,101177,7,1,0,4110,0,12828,52,237,28,14,6,4,False,False,False,False,0,0,0,0,8.2,9.3,3.8,,,497.90000000000003,536.6,379.6,,,305.70000000000005,388,347.8,,
Bªtman,100,JUNGLE,False,2764,JarvanIV,3,6,11,63,189,14485,12757,3256,7997,1503,41601,10933,75729,128,12,0,0,0,24805,29,645,60,12,21,12,False,False,False,False,0,0,0,0,0,0.8999999999999999,0.7999999999999999,,,268.9,436.7,371.1,,,226.2,347.29999999999995,332,,
Diamandis,100,TOP,False,2764,Ziggs,4,5,11,260,20,15537,70256,66525,402,3329,24918,1843,14364,16,0,1,5676,0,21142,28,288,36,14,6,2,False,False,False,False,1,0,0,0,8.5,8.1,3.9,,,451.1,530.2,364.2,,,266.4,354.79999999999995,372.29999999999995,,
AlexDrey,100,BOTTOM,False,2764,Draven,3,8,5,179,9,13324,16200,109,14867,1223,22303,3989,29479,9,0,1,870,0,13237,15,127,28,13,11,0,False,False,False,False,0,0,0,0,4.9,3.5,4.1,,,241.6,273,461.29999999999995,,,207.2,215.5,318.70000000000005,,
kittylexa,100,BOTTOM,False,2764,Taric,2,6,9,49,0,10120,7070,3685,1096,2289,29196,13232,48228,0,0,0,0,0,832,30,52,78,31,16,9,False,False,False,False,0,0,0,0,1.8,2,0.3,,,276.4,256.6,325.9,,,167.1,263.70000000000005,208.9,,
Feathers and Fur,200,TOP,True,2764,Illaoi,8,0,8,313,8,18416,34648,0,33563,1085,43109,25283,53894,0,4,2,2911,1,14203,20,144,83,23,4,7,False,False,False,False,2,0,0,0,7.5,7.3,6.6,,,445.7,500,482.20000000000005,,,260.3,295.20000000000005,462.9,,
DokiFTW,200,JUNGLE,True,2764,Sejuani,3,4,16,60,136,14845,11974,5038,5509,1426,57840,18042,46853,79,9,3,2244,0,50895,31,304,63,31,7,14,False,False,False,False,0,0,0,0,0.3,2.2,0.6,,,279,358.4,241.2,,,248.9,283.4,260.9,,
DoIphinJudas,200,MIDDLE,True,2764,MissFortune,8,3,15,235,51,18065,39693,3015,34770,1908,23164,2000,13196,33,9,2,11921,1,33445,18,294,41,15,4,4,False,False,False,False,0,0,0,0,7.1,7.8,4.6,,,465.5,451,414.8,,,306.7,373,352,,
Duero,200,BOTTOM,True,2764,Syndra,7,5,9,214,36,15559,32227,30267,946,1013,26934,11730,9831,28,0,2,4659,0,16206,62,371,32,16,1,2,True,False,False,False,0,0,0,0,8,6.699999999999999,2.3,,,336.8,414.4,248.9,,,342.70000000000005,320.1,231.3,,
Wynter07,200,BOTTOM,True,2764,Pyke,5,8,12,59,4,14236,15464,0,12665,2799,34227,12079,20157,0,0,1,1006,0,1609,64,204,151,72,22,4,False,False,False,False,0,0,0,0,1.3,1.9,0.5,,,259.4,371.8,189.7,,,172.3,362,248,,
Feathers and Fur,100,TOP,True,2540,Chogath,3,5,10,215,26,14544,12885,6062,1014,5807,42575,9633,37227,4,2,2,7537,1,13197,38,1140,75,21,4,5,False,False,False,False,0,0,0,0,4.6,8.2,5.300000000000001,,,332.9,574.5,492.90000000000003,,,210.3,442,331.20000000000005,,
DokiFTW,100,JUNGLE,True,2540,Sejuani,3,5,13,36,148,12924,14339,5731,5421,3186,47828,12799,47767,102,15,0,1174,0,27252,27,612,59,27,6,12,False,False,False,False,0,0,0,0,0.5,0.6000000000000001,0.8999999999999999,,,220.79999999999998,420.4,412.9,,,215.5,364.6,287.6,,
DoIphinJudas,100,MIDDLE,True,2540,Rumble,9,2,11,194,26,15992,32607,28972,844,2790,26481,10370,23362,14,0,1,1688,1,16941,21,528,41,15,2,6,True,False,False,False,1,0,0,0,5.6,4.7,3.8,,,385.6,404.6,456.70000000000005,,,314.9,355.7,326.6,,
Duero,100,MIDDLE,True,2540,MissFortune,15,5,10,279,20,20882,68550,2247,60061,6241,20186,1347,19260,16,0,5,9767,0,34327,16,308,46,19,6,4,False,False,False,False,3,2,1,0,7.5,7.3,6.300000000000001,,,326.9,376.70000000000005,522.6,,,343.29999999999995,382,601.2,,
Wynter07,100,MIDDLE,True,2540,Swain,1,9,16,51,9,10944,23192,19029,1417,2745,36121,10387,19264,8,1,1,1049,0,1634,45,208,100,46,14,5,False,False,False,False,0,0,0,0,0.5,1.2999999999999998,2.1,,,249,279.2,383.6,,,192.10000000000002,254.89999999999998,236.60000000000002,,
notsosavagec,200,TOP,False,2540,Yorick,9,6,10,292,12,19013,39966,12414,27552,0,55231,26098,84721,0,4,2,9327,0,25528,11,159,48,14,10,4,False,False,True,False,0,0,0,0,7,6.199999999999999,8.2,,,489.9,461.20000000000005,514.7,,,309.1,631.2,387.29999999999995,,
Bªtman,200,JUNGLE,False,2540,Zac,7,6,10,61,157,14003,18883,16379,1079,1424,73048,53314,68018,118,4,0,196,0,17316,62,593,37,9,10,8,False,False,False,False,1,0,0,0,0.5,1.8,1,,,303.1,453.1,360.1,,,255.10000000000002,373,312.7,,
Diamandis,200,MIDDLE,False,2540,Azir,1,8,8,203,12,11673,22339,21002,1336,0,25779,1876,14385,12,0,0,941,0,9554,11,132,25,8,7,0,False,False,False,False,0,0,0,0,5.4,7,5.6,,,386.6,474.7,414.4,,,211.7,341.7,254.5,,
AlexDrey,200,BOTTOM,False,2540,Jinx,7,4,8,188,22,13700,27213,1214,25279,720,18428,4932,7750,18,0,0,1986,0,16169,30,139,26,12,3,0,False,False,False,False,0,0,0,0,5.300000000000001,4.7,3.8,,,252,383.5,297.8,,,238.2,349.5,281.4,,
kittylexa,200,BOTTOM,False,2540,Morgana,2,7,16,51,0,10071,18964,17666,794,504,24269,5278,13424,0,0,0,762,0,2155,96,169,87,32,15,11,False,False,False,False,0,0,0,0,1,2,0.8999999999999999,,,203.8,376.4,218.2,,,156.4,303.6,214,,
Undah,100,JUNGLE,False,1720,Urgot,3,6,0,194,0,10048,13658,0,12393,1265,20560,659,23416,0,0,1,4191,0,4191,23,124,30,12,3,4,False,False,False,False,0,0,0,0,6.9,8.3,,,,437.4,540.8,,,,233.9,413.4,,,
Cornelia Street,100,JUNGLE,False,1720,Nocturne,2,5,1,43,115,8662,6716,431,6078,206,27933,10387,15736,95,0,0,573,0,17816,97,351,13,1,6,1,False,False,False,False,0,0,0,0,0.4,1,,,,296.2,278.2,,,,287.1,245.60000000000002,,,
Voltsy,100,TOP,False,1720,Cassiopeia,1,5,3,215,8,9136,12773,12026,166,580,17545,4473,9841,4,0,0,897,0,4230,34,138,30,13,0,4,False,False,False,False,0,0,0,0,7.6,7.6,,,,422.1,435.5,,,,257.4,323.1,,,
LoLGermRat,100,BOTTOM,False,1720,Caitlyn,2,7,2,152,4,8640,6059,550,5485,24,17404,761,8093,4,0,0,1219,0,2223,8,45,19,8,3,0,False,False,False,False,0,0,0,0,5.3,6.2,,,,274.6,266.3,,,,246.9,271,,,
derpigreg,100,BOTTOM,False,1720,Yuumi,0,1,6,3,0,5755,7629,6507,377,744,3182,8890,2470,0,0,0,352,0,639,27,55,37,19,1,7,False,False,False,False,0,0,0,0,0.1,0.1,,,,245.3,263.1,,,,180.3,183.8,,,
Tarkov Beefer,200,TOP,True,1720,Maokai,4,1,8,140,0,9278,8031,6503,1527,0,16609,7917,22459,0,0,1,4190,1,7336,36,363,21,10,4,4,False,False,False,False,0,0,0,0,5.1,5.4,,,,460.6,478.3,,,,221.7,284.20000000000005,,,
LucifersEyes,200,JUNGLE,True,1720,Trundle,6,1,7,11,124,10453,9281,711,7746,824,19634,13494,12513,59,12,3,2684,0,38289,10,261,27,10,4,10,False,False,False,False,1,0,0,0,0.2,0.4,,,,294.29999999999995,393.9,,,,250.1,359.70000000000005,,,
Verbal Toxicity,200,MIDDLE,True,1720,Orianna,5,1,5,195,8,11142,13805,13560,245,0,10224,2883,5562,4,4,2,4165,1,12576,13,316,32,9,2,4,False,False,False,False,1,0,0,0,8,8.4,,,,454.7,527.4000000000001,,,,253.39999999999998,445.5,,,
El Depresso,200,TOP,True,1720,Aphelios,6,3,10,191,8,12201,16077,691,14864,522,11880,2647,8134,8,0,3,6794,0,14383,15,136,15,7,3,1,True,False,True,False,0,0,0,0,5.6,7,,,,276.4,359.9,,,,271.9,357.4,,,
6s Opty,200,TOP,True,1720,Nautilus,3,2,11,26,0,8003,7875,5335,2180,360,13814,3607,18357,0,0,0,340,0,1832,39,190,54,25,2,9,False,False,False,False,0,0,0,0,1,1.2,,,,209.8,319.2,,,,188.6,217.9,,,
Tarkov Beefer,100,TOP,True,1852,Malphite,10,2,9,172,8,12412,18834,15306,3527,0,15962,3400,20286,8,0,0,4938,1,7447,27,606,10,6,0,2,False,False,False,False,1,0,0,0,4.9,6.1,5.8,,,538.6,468.1,652.6,,,292,398.3,420.4,,
LucifersEyes,100,JUNGLE,True,1852,Graves,9,0,10,41,161,13283,12376,793,11147,436,16138,9404,10210,108,4,1,3397,0,43174,17,446,32,11,7,10,False,False,False,False,1,0,0,0,0.1,1,2.5,,,255.4,414.29999999999995,836,,,223.1,426.29999999999995,565.2,,
Verbal Toxicity,100,MIDDLE,True,1852,Ornn,0,3,14,177,4,9694,8684,4649,4035,0,20896,4724,22407,4,0,1,1772,0,6274,24,468,20,9,2,3,False,False,False,False,0,0,0,0,6.7,5.6,5.2,,,424.5,418.6,565.3,,,224,326.2,324.4,,
El Depresso,100,BOTTOM,True,1852,Ezreal,8,1,14,168,8,12296,11621,3932,7576,112,5771,1223,2548,4,0,2,4867,0,20377,4,158,15,6,4,2,True,False,False,False,1,0,0,0,6,5.800000000000001,4.6,,,288.1,412.9,589.7,,,258.2,478.7,375.4,,
6s Opty,100,BOTTOM,True,1852,Swain,8,0,19,16,0,9679,17024,14862,1186,975,19391,10953,8589,0,0,3,4161,0,8877,37,204,58,23,6,7,False,False,False,False,1,0,0,0,0.30000000000000004,0.6,0.6,,,276.20000000000005,433.4,563,,,152.7,407.6,295.2,,
Undah,200,TOP,False,1852,Darius,2,8,0,225,4,11057,11398,0,9932,1466,27739,4421,21113,0,0,2,6056,0,6056,17,123,22,11,0,1,False,False,False,False,0,0,0,0,5.1,9.4,8,,,366,622.1,580.8,,,199.2,410.6,430.4,,
Cornelia Street,200,JUNGLE,False,1852,XinZhao,1,6,2,23,108,8641,7410,561,6590,258,30106,14523,18269,82,4,0,3829,0,16889,12,399,18,8,3,2,False,False,False,True,0,0,0,0,0.1,0.6,1.6,,,300,369.7,294.5,,,241.8,315.8,241,,
Voltsy,200,MIDDLE,False,1852,Galio,2,4,1,209,8,10654,13777,13420,356,0,15151,64,23136,0,0,1,2634,0,6449,23,51,40,13,5,3,False,False,True,False,0,0,0,0,7.4,7.1,6.4,,,444.1,473.5,387.90000000000003,,,299.6,401.3,299,,
LoLGermRat,200,BOTTOM,False,1852,Heimerdinger,1,8,0,151,0,8256,4408,3979,429,0,12827,273,5711,0,0,1,2276,0,4384,5,113,21,9,4,0,False,False,False,False,0,0,0,0,5.5,3.8,5.300000000000001,,,296.1,273.3,486,,,241.89999999999998,211.39999999999998,262.2,,
derpigreg,200,BOTTOM,False,1852,Zyra,0,9,1,55,4,6957,15463,13897,312,1253,15120,872,5412,4,0,1,350,0,3057,44,387,37,16,4,6,False,False,False,False,0,0,0,0,0.4,2,2.7,,,296.2,209.4,333.4,,,161.1,213.5,240.8,,
