Dempsy,JUNGLE,Jax,100,True,2164,10,5,11,4.20,185,6,191,5.30,15327,424.96,24298,673.697,6377,17475,445,38557,6577,29151,0,2,5,11142,1,17742,29,196,26,13,0.36,2,0.06,2,False,False,False,False,1,0,0,0,6,5.9,5.1,,,422.1,460.90000000000003,548.5,,,299.7,436.9,443.9,,
phortwenty,JUNGLE,JarvanIV,100,True,2164,3,3,18,7.00,29,116,145,4.02,11648,322.96,10302,285.638,2089,7776,437,30727,10351,29325,77,4,2,965,0,33811,20,411,36,7,0.19,5,0.14,6,False,False,True,False,0,0,0,0,1,0.2,1,,,295.2,279,516.3,,,270.2,281.9,325.3,,
BasicallyCancer,MIDDLE,Veigar,100,True,2164,11,4,14,6.25,210,31,241,6.68,16118,446.89,35405,981.654,33651,635,1118,16017,2447,7501,17,13,1,7867,0,24283,47,326,44,19,0.53,2,0.06,4,False,False,False,True,2,0,0,0,6.800000000000001,7.8999999999999995,4.6,,,442.7,467,493.70000000000005,,,266.1,418.7,546.0999999999999,,
TES Major,BOTTOM,Heimerdinger,100,True,2164,8,2,14,11.00,173,0,173,4.80,12995,360.31,34108,945.693,32014,816,1277,19222,1607,9219,0,0,1,3131,0,19186,37,558,18,11,0.30,1,0.03,1,False,False,False,False,0,0,0,0,6.6,4.8,3.6,,,344.3,360.29999999999995,425.4,,,257,343.6,385.79999999999995,,
Aoife of Shadows,BOTTOM,Soraka,100,True,2164,0,3,19,6.33,15,0,15,0.42,8798,243.94,6623,183.632,5883,583,156,11394,30132,4434,0,0,0,661,1,1446,45,142,69,21,0.58,11,0.30,3,False,False,False,False,0,0,0,0,0.3,0.9,0.3,,,290.7,309.79999999999995,433.1,,,165.7,259.6,246.4,,
Łisk,TOP,Aatrox,200,False,2164,4,8,3,0.88,192,8,200,5.55,10979,304.41,17971,498.272,46,17924,0,36809,11918,33121,4,4,0,982,0,982,20,141,26,9,0.25,3,0.08,2,False,False,False,False,0,0,0,0,6.2,5.1,5.6,,,461.8,381.8,373.3,,,246.1,295.4,322.2,,
Yodigi7,JUNGLE,Nunu,200,False,2164,3,6,9,2.00,49,156,205,5.68,12164,337.26,9221,255.665,8698,276,246,38083,18995,37471,113,0,0,0,0,12745,27,530,34,9,0.25,3,0.08,4,True,False,False,False,0,0,0,0,0,1,2.2,,,313.70000000000005,475,377.2,,,305.4,319.4,277.5,,
Endowed,MIDDLE,TwistedFate,200,False,2164,6,5,5,2.20,232,20,252,6.99,14689,407.27,32261,894.482,28498,2223,1539,25125,7395,14906,20,0,1,2203,0,3364,27,249,27,11,0.30,3,0.08,1,False,False,False,False,0,0,0,0,7.3,4.8,6.3,,,537,390.9,362.5,,,355,338.70000000000005,360.4,,
Buzz  Łightyear,BOTTOM,Cassiopeia,200,False,2164,3,7,5,1.14,189,8,197,5.46,11338,314.36,18165,503.651,17686,478,0,23470,5140,13459,8,0,0,287,0,1697,32,978,18,12,0.33,3,0.08,0,False,False,False,False,0,0,0,0,5.9,5,4.4,,,297.9,322.3,296.70000000000005,,,237.8,346.6,273.1,,
Alex123Gaming,BOTTOM,Leona,200,False,2164,1,6,8,1.50,32,0,32,0.89,7237,200.66,3537,98.0684,2621,916,0,16396,91,21379,0,0,0,182,0,1068,26,132,74,32,0.89,12,0.33,9,False,False,False,False,0,0,0,0,1.1,1.1,0.8999999999999999,,,233.5,303.5,251.70000000000002,,,156.5,253,171,,
Łisk,TOP,Mordekaiser,100,True,1858,8,4,8,4.00,211,14,225,7.27,15125,488.43,22412,723.746,19388,3024,0,25423,5292,31193,0,11,1,3578,0,9321,15,388,21,13,0.42,1,0.03,3,False,False,False,False,0,0,0,0,4.7,8.3,7.9,,,431.5,672.2,697.7,,,206.5,590.3,618.4,,
Yodigi7,JUNGLE,Sejuani,100,True,1858,5,3,9,4.67,66,120,186,6.01,11861,383.02,13301,429.526,5696,6671,934,30749,8616,29657,84,0,1,466,0,28508,30,348,39,10,0.32,5,0.16,4,False,False,False,False,0,0,0,0,0.4,1.8,3.7,,,265.9,514.3,587.9,,,220.1,379.2,407.9,,
Endowed,MIDDLE,Camille,100,True,1858,5,4,9,3.50,157,22,179,5.78,11806,381.25,17265,557.535,257,13054,3954,23789,2749,24108,9,4,1,4972,1,10871,20,169,24,10,0.32,4,0.13,0,False,False,False,False,1,0,0,0,6,5.2,3.6999999999999997,,,443.5,439.9,563.6,,,225.9,407.5,432.9,,
Buzz  Łightyear,BOTTOM,Ezreal,100,True,1858,8,3,7,5.00,107,20,127,4.10,11429,369.07,17353,560.377,7432,9920,0,16636,2564,6124,0,0,3,4247,0,19608,0,1,15,9,0.29,1,0.03,1,True,False,False,False,1,0,0,0,5.4,3.8,1.4,,,285.9,409.2,418.7,,,259.20000000000005,370.6,426.9,,
Alex123Gaming,BOTTOM,Senna,100,True,1858,1,5,15,3.20,26,2,28,0.90,8475,273.68,8760,282.885,0,8760,0,13418,10085,6714,0,0,2,3312,1,10930,19,85,62,24,0.78,13,0.42,6,False,False,False,False,0,0,0,0,0.1,0.8,1.7,,,273.9,226.2,507.4,,,166.3,241.3,326.7,,
Dempsy,TOP,Renekton,200,False,1858,5,6,4,1.50,165,8,173,5.59,11197,361.58,11538,372.594,1825,9568,144,29510,5317,20405,8,0,1,3751,1,3751,22,93,28,9,0.29,5,0.16,3,False,False,False,False,1,0,0,0,6.8,7,2.7,,,448.8,444,419.70000000000005,,,249.8,407.29999999999995,400.79999999999995,,
phortwenty,JUNGLE,JarvanIV,200,False,1858,2,4,10,3.00,28,104,132,4.26,9294,300.13,9542,308.138,1965,6433,1144,24729,6380,20290,85,8,0,0,0,1272,15,379,28,9,0.29,6,0.19,9,False,False,False,False,0,0,0,0,0.1,0.8999999999999999,1.6,,,269.20000000000005,306.1,466.9,,,220.9,348.8,294.4,,
BasicallyCancer,MIDDLE,Yasuo,200,False,1858,7,5,5,2.40,232,12,244,7.88,13030,420.77,21526,695.135,1973,18760,792,23583,5387,25711,8,4,3,7807,0,7807,30,177,14,10,0.32,1,0.03,1,False,False,False,False,0,0,0,0,8.399999999999999,6.9,7.7,,,475.5,463.6,658.6,,,268.1,393.6,576.7,,
TES Major,BOTTOM,Malzahar,200,False,1858,5,6,5,1.67,208,0,208,6.72,11904,384.41,29239,944.209,28966,272,0,13487,96,9178,0,0,2,4404,0,4404,45,530,28,11,0.36,0,0.00,1,False,False,False,False,1,0,0,0,6.2,8,6.300000000000001,,,291.6,468.5,499.7,,,218.2,443.3,453.9,,
Aoife of Shadows,BOTTOM,Nami,200,False,1858,0,6,10,1.67,11,0,11,0.36,6714,216.81,6909,223.111,6183,725,0,10931,8482,8479,0,0,0,492,0,663,26,89,44,17,0.55,3,0.10,2,False,False,False,False,0,0,0,0,0,0.4,0.7,,,273.29999999999995,316.7,344.4,,,126.30000000000001,265.6,215.89999999999998,,
Dempsy,TOP,875,100,True,1601,1,1,6,7.00,176,4,180,6.75,9249,346.62,11221,420.525,423,8608,2189,17016,1754,15039,4,0,1,4734,0,7623,18,153,13,7,0.26,2,0.07,3,False,False,False,False,0,0,0,0,6.9,7.6000000000000005,,,,404,551.9,,,,222.7,356.79999999999995,,,
phortwenty,JUNGLE,Trundle,100,True,1601,6,1,8,14.00,18,89,107,4.01,9640,361.27,7947,297.826,2915,4122,910,29624,15160,21172,71,0,1,3573,0,16230,22,269,20,9,0.34,1,0.04,4,True,False,False,True,0,0,0,0,0.4,0.6,,,,252.7,318,,,,290.6,288.9,,,
BasicallyCancer,MIDDLE,Azir,100,True,1601,7,0,6,13.00,176,16,192,7.20,11067,414.75,24034,900.712,22291,811,931,10280,2432,5874,0,12,3,8174,1,17331,12,141,26,12,0.45,3,0.11,4,False,False,False,True,1,0,0,0,7.5,7.9,,,,434.7,486.29999999999995,,,,265.6,403.8,,,
TES Major,BOTTOM,Jinx,100,True,1601,3,1,9,12.00,143,8,151,5.66,9197,344.67,13271,497.352,400,12871,0,12968,1881,5750,0,0,2,5466,0,14988,14,58,15,9,0.34,0,0.00,1,False,False,True,False,1,0,0,0,5.5,5.6,,,,291.79999999999995,403.1,,,,220.1,302.5,,,
Aoife of Shadows,BOTTOM,Soraka,100,True,1601,0,0,13,13.00,9,0,9,0.34,6611,247.76,6074,227.633,5016,1057,0,4189,18995,1756,0,0,1,890,0,1678,34,134,44,14,0.52,7,0.26,1,False,False,False,True,0,0,0,0,0,0.8,,,,261.7,284.3,,,,165.4,217,,,
Łisk,TOP,Ornn,200,False,1601,0,5,3,0.60,122,0,122,4.57,6494,243.37,11634,436.002,7957,3676,0,17468,0,19702,0,0,0,742,0,742,20,262,10,5,0.19,1,0.04,0,False,False,False,False,0,0,0,0,4.4,5.6,,,,428.4,465,,,,197.8,271.20000000000005,,,
Yodigi7,JUNGLE,Warwick,200,False,1601,0,6,2,0.33,19,118,137,5.13,6993,262.07,5649,211.705,3326,1344,978,27164,10699,15686,78,10,0,0,0,10692,19,214,20,3,0.11,4,0.15,4,False,False,False,False,0,0,0,0,0.4,1.3,,,,286.9,378.2,,,,228.10000000000002,289,,,
Endowed,MIDDLE,Kassadin,200,False,1601,3,3,0,1.00,182,7,189,7.08,9068,339.84,12284,460.362,11196,733,354,20332,4372,11661,7,0,0,1327,0,1570,12,135,13,8,0.30,1,0.04,1,False,False,False,False,0,0,0,0,6.8999999999999995,8.3,,,,437.29999999999995,512.7,,,,245.7,411.79999999999995,,,
Buzz  Łightyear,BOTTOM,Senna,200,False,1601,0,3,2,0.67,60,0,60,2.25,6106,228.83,11917,446.608,0,11917,0,9932,7096,4134,0,0,0,2085,0,2085,51,164,26,16,0.60,1,0.04,3,False,False,False,False,0,0,0,0,1.1,3.5999999999999996,,,,261.3,401.8,,,,172.2,243.10000000000002,,,
Alex123Gaming,BOTTOM,TahmKench,200,False,1601,0,0,1,1.00,109,0,109,4.08,6125,229.54,2667,99.95,2098,209,360,8663,2332,8477,0,0,1,1149,0,1149,7,62,27,15,0.56,5,0.19,7,False,False,False,False,0,0,0,0,5,4.1,,,,267.2,283.9,,,,209.3,220.9,,,
Noxian Exile,TOP,Garen,100,True,1903,10,0,9,19.00,218,24,242,7.63,15487,488.29,20481,645.749,213,15982,4285,16071,3665,31581,0,9,7,15760,1,28304,33,101,21,11,0.35,3,0.09,2,False,False,False,True,2,0,0,0,7.1,7.5,6.6,,,501,509.3,596.4,,,311,567,515.7,,
whathead,JUNGLE,JarvanIV,100,True,1903,6,4,17,5.75,37,92,129,4.07,11358,358.11,10845,341.934,1580,8880,384,22687,4888,23503,56,4,2,2747,0,25278,26,311,20,5,0.16,6,0.19,0,True,False,True,False,1,0,0,0,0.1,0.6,2.2,,,253.5,345.5,365.4,,,308.7,371.20000000000005,308.8,,
Candle King,MIDDLE,Zoe,100,True,1903,6,2,13,9.50,139,4,143,4.51,10883,343.13,16628,524.267,12682,1732,2213,9841,1613,5286,4,0,0,3003,1,9908,27,117,37,16,0.50,6,0.19,6,False,False,False,False,0,0,0,0,6.3,4.7,2.6,,,482.1,365.6,335.6,,,318.5,352.6,299.2,,
Bowling Pin,BOTTOM,Twitch,100,True,1903,4,1,9,13.00,155,32,187,5.90,11557,364.38,10188,321.219,678,7854,1656,9127,2116,5918,16,8,1,3788,1,15214,15,458,26,7,0.22,4,0.13,2,False,False,False,False,1,0,0,0,4.800000000000001,4.5,5.4,,,315.1,348.7,362.5,,,190.5,343.7,428.5,,
Poptartism,BOTTOM,Nami,100,True,1903,1,0,17,18.00,16,0,16,0.50,7906,249.27,4895,154.335,3531,754,610,3583,10595,3504,0,0,1,2209,0,3242,15,87,70,30,0.95,13,0.41,9,False,False,False,False,0,0,0,0,0,0.5,0.8999999999999999,,,266.7,280.9,403.7,,,132.3,265.8,283.2,,
LastOfADyingBrEd,TOP,875,200,False,1903,1,7,2,0.43,149,4,153,4.82,8250,260.12,6077,191.603,0,4552,1524,19374,210,16175,4,0,0,1278,0,1293,18,89,20,6,0.19,5,0.16,3,False,False,False,False,0,0,0,0,4.5,5.6,4.5,,,363,423.9,359.9,,,204,296.7,249,,
N1zero,JUNGLE,Vi,200,False,1903,1,8,4,0.62,70,126,196,6.18,10126,319.26,6268,197.625,0,5620,647,20699,5647,20842,104,0,0,0,0,8431,16,249,23,5,0.16,5,0.16,4,False,False,False,False,0,0,0,0,0.1,0.5,5.2,,,287.5,354.6,523.5999999999999,,,238.5,352.29999999999995,321.9,,
xDanceGavinDance,MIDDLE,Galio,200,False,1903,4,5,3,1.40,149,4,153,4.82,9447,297.86,13125,413.82,12415,51,658,20057,225,20180,4,0,0,0,0,260,35,76,12,11,0.35,0,0.00,3,False,False,False,False,0,0,0,0,5.4,3.4,5.4,,,426,293.9,414.8,,,204.5,321.5,328.8,,
Muddey,BOTTOM,Kaisa,200,False,1903,1,2,1,1.00,228,8,236,7.44,10135,319.55,8014,252.675,2242,5286,485,9269,875,3858,4,0,0,150,0,353,0,0,27,6,0.19,8,0.25,4,False,False,False,False,0,0,0,0,8.3,7.4,6.699999999999999,,,317.7,373.1,372.6,,,287.6,285.9,354.3,,
Mxn Potato,BOTTOM,Nautilus,200,False,1903,0,5,3,0.60,31,0,31,0.98,5919,186.62,4373,137.877,3119,914,339,16519,873,22771,0,0,0,0,0,273,36,296,63,38,1.20,6,0.19,7,False,False,False,False,0,0,0,0,1.1,1.2,0.7,,,290.6,205.10000000000002,287.9,,,156.1,185.8,173.6,,
N1zero,TOP,Maokai,100,False,1961,3,4,9,3.00,127,9,136,4.16,8852,270.84,14842,454.115,11904,2937,0,30745,11076,31217,9,0,1,850,0,3341,73,470,23,12,0.37,5,0.15,4,False,False,False,False,0,0,0,0,5.6,3.7,3.0999999999999996,,,440.20000000000005,409,435.7,,,215.2,303.8,245.2,,
LastOfADyingBrEd,JUNGLE,Kayn,100,False,1961,3,9,7,1.11,16,120,136,4.16,10033,306.98,14379,439.949,309,13262,808,32189,14295,22623,92,0,0,1371,0,16382,19,269,18,5,0.15,4,0.12,4,False,False,False,False,1,0,0,0,0,0.7,0.8,,,263.3,323.1,456.59999999999997,,,231.2,264,383.5,,
xDanceGavinDance,MIDDLE,Ryze,100,False,1961,6,5,11,3.40,163,10,173,5.29,11823,361.74,18189,556.522,17361,828,0,25988,8679,14255,8,0,2,2978,0,10895,17,82,19,12,0.37,1,0.03,2,False,False,False,False,0,0,0,0,6.2,4.5,4.3,,,414.7,414,477.2,,,225.9,352.1,427.20000000000005,,
Muddey,BOTTOM,MissFortune,100,False,1961,9,5,6,3.00,225,14,239,7.31,14617,447.23,23472,718.164,1507,21799,166,18364,2959,11773,10,4,1,4271,0,11606,8,177,28,11,0.34,8,0.24,6,False,False,False,False,1,1,1,0,7.5,5.800000000000001,7.9,,,307.9,345.5,526.3,,,253.7,408.9,625.3,,
Mxn Potato,BOTTOM,Nami,100,False,1961,0,7,19,2.71,10,1,11,0.34,7197,220.20,6636,203.039,5750,886,0,14883,9132,10017,1,0,0,972,0,1318,33,157,69,40,1.22,7,0.21,7,False,False,False,False,0,0,0,0,0.1,0.3,0.6,,,250.60000000000002,298.4,501.5,,,130.9,241.70000000000002,234.60000000000002,,
Noxian Exile,TOP,Mordekaiser,200,True,1961,3,3,6,3.00,175,21,196,6.00,11630,355.84,20815,636.869,17928,2626,260,26475,9409,23640,5,9,2,3142,1,12385,16,214,32,9,0.28,8,0.24,4,False,False,False,False,0,0,0,0,6.8,6.300000000000001,3.1,,,429.8,550.4000000000001,359.6,,,241.1,409.4,327.4,,
whathead,JUNGLE,Vi,200,True,1961,4,6,4,1.33,40,89,129,3.95,9875,302.14,7752,237.185,88,7090,574,27609,6944,24737,57,1,2,2220,0,30494,16,139,28,4,0.12,8,0.24,2,False,False,True,False,0,0,0,0,0.2,0.6,1.7,,,273.9,203.2,446.3,,,251.7,248.10000000000002,343,,
Candle King,MIDDLE,Qiyana,200,True,1961,5,6,12,2.83,139,1,140,4.28,11107,339.84,17883,547.16,934,16353,596,21339,3391,11353,0,1,0,1321,0,3081,30,156,39,28,0.86,4,0.12,12,False,False,False,False,1,0,0,0,6.2,4.6,1.7000000000000002,,,511.3,319.7,379.8,,,331.20000000000005,282.5,269.8,,
Bowling Pin,BOTTOM,Draven,200,True,1961,16,3,7,7.67,168,52,220,6.73,18145,555.18,42105,1288.27,2155,38942,1008,20189,2774,22735,24,8,3,8244,0,33527,11,93,23,11,0.34,4,0.12,2,True,False,False,True,3,2,1,1,7.4,5.199999999999999,2.9,,,311.3,433.6,576.1,,,308.2,674.5999999999999,580.4,,
Poptartism,BOTTOM,Yuumi,200,True,1961,2,3,22,8.00,6,0,6,0.18,9610,294.03,8943,273.626,6119,552,2271,6405,19111,4000,0,0,0,0,0,618,21,39,43,27,0.83,2,0.06,8,False,False,False,True,0,0,0,0,0,0.4,0,,,308.3,385.7,447.6,,,152.3,374,301.1,,
source35,TOP,875,100,False,2306,4,10,1,0.50,146,8,154,4.01,11263,293.05,20755,540.026,300,14646,5808,33157,2403,34498,4,0,0,1809,0,4507,36,204,33,16,0.42,4,0.10,6,False,False,False,True,0,0,0,0,3.5,4,3.9000000000000004,,,371.8,394.40000000000003,299.1,,,209.9,326.1,239.2,,
Xanielson,JUNGLE,Trundle,100,False,2306,0,6,7,1.17,29,148,177,4.61,10482,272.73,7189,187.051,2156,4212,820,34710,15715,20900,120,4,1,1510,0,14507,22,342,46,18,0.47,6,0.16,11,False,False,True,False,0,0,0,0,0.1,1.1,0.6,,,266.6,312.20000000000005,339.3,,,211.7,324.8,256,,
Nøtëz,MIDDLE,Leblanc,100,False,2306,3,9,4,0.78,162,8,170,4.42,10636,276.74,17915,466.132,15016,1330,1568,24392,1570,10256,4,0,0,200,0,1402,25,40,34,14,0.36,5,0.13,13,False,False,False,False,0,0,0,0,6.5,3.7,3,,,441.2,351.3,342.70000000000005,,,226.7,307,288.3,,
MG Dilly,BOTTOM,Jinx,100,False,2306,7,6,4,1.83,329,27,356,9.26,17551,456.66,36424,947.719,2108,33056,1260,21927,2352,14335,18,0,1,2085,0,6415,29,146,24,13,0.34,3,0.08,2,False,False,False,False,1,0,0,0,6.9,8.4,11.7,,,294.9,375.5,664.5999999999999,,,269.79999999999995,398.2,596,,
Kalliroe,BOTTOM,Leona,100,False,2306,2,6,6,1.33,36,0,36,0.94,7812,203.26,6435,167.433,3899,1562,973,21905,2697,26815,0,0,0,0,0,454,41,72,75,29,0.75,14,0.36,8,False,False,False,False,1,0,0,0,1.1,1.2000000000000002,1,,,270.9,262.9,227.4,,,155.4,265.1,172.4,,
devil hosting,TOP,Kled,200,True,2306,11,5,14,5.00,164,4,168,4.37,15417,401.14,29516,767.979,584,28018,913,39368,7581,35623,0,0,2,10288,1,24173,17,167,27,9,0.23,10,0.26,1,True,False,False,False,1,0,0,0,5.300000000000001,3,4.6,,,427,478.40000000000003,315.79999999999995,,,276.1,540.8,309.6,,
SecretlyGayPengu,JUNGLE,Zac,200,True,2306,5,1,22,27.00,21,190,211,5.49,14548,378.53,13410,348.916,11663,484,1262,36658,41256,37693,139,4,3,1246,0,21015,38,720,26,2,0.05,9,0.23,2,False,False,False,False,0,0,0,0,0,0.8,0.30000000000000004,,,314,510.5,499.8,,,268.2,360.1,435.1,,
Garźa,MIDDLE,Veigar,200,True,2306,11,2,10,10.50,218,4,222,5.78,14993,390.10,16015,416.696,14593,924,497,18821,5721,9906,1,0,2,4156,1,16825,34,157,25,10,0.26,1,0.03,1,False,False,False,False,2,1,0,0,7.3999999999999995,5.9,4.7,,,436.9,512.5,441.9,,,244.10000000000002,356.5,405.6,,
Alumyn,BOTTOM,Ezreal,200,True,2306,9,3,18,9.00,192,30,222,5.78,15495,403.17,30309,788.612,8481,20142,1686,15221,3934,7729,10,4,1,3911,0,27590,0,34,38,17,0.44,5,0.13,5,False,False,False,False,2,0,0,0,7,4,5,,,299.9,432,440,,,245.7,334,475.7,,
Sammy2Slap,BOTTOM,Nautilus,200,True,2306,1,5,22,4.60,36,0,36,0.94,10142,263.89,10531,274.007,5981,2173,2377,22737,8354,40401,0,0,1,1771,0,9416,63,277,81,31,0.81,11,0.29,3,False,False,False,False,0,0,0,0,1.1,0.7,0.7,,,235.1,307.5,360.8,,,149.5,259.3,251,,
yOuChoiceTodie,TOP,875,100,True,1708,15,3,7,7.33,160,4,164,5.76,14192,498.55,28268,993.021,829,24555,2884,24502,4578,21790,0,0,3,10053,0,13953,32,212,16,9,0.32,2,0.07,0,True,False,False,False,4,3,0,0,6.6,5.4,,,,451.9,515.2,,,,330.9,520.5999999999999,,,
SecretlyGayPengu,JUNGLE,Zac,100,True,1708,3,0,15,18.00,15,168,183,6.43,10602,372.44,12600,442.623,10899,769,932,29484,34633,24710,96,21,1,225,0,22047,33,620,18,2,0.07,4,0.14,2,False,False,False,False,0,0,0,0,0.3,0.8999999999999999,,,,283.6,497.3,,,,266.7,362.1,,,
Garźa,MIDDLE,Ekko,100,True,1708,8,2,6,7.00,157,0,157,5.52,10937,384.20,14205,499.005,12186,2019,0,19896,5518,10011,0,0,2,4036,0,7575,11,213,25,10,0.35,3,0.11,2,False,False,False,False,2,0,0,0,5.9,5.699999999999999,,,,449.4,516.6,,,,248.3,415.4,,,
devil hosting,BOTTOM,Aphelios,100,True,1708,4,5,16,4.00,188,8,196,6.89,11046,388.03,27015,949.005,2797,24218,0,14441,2481,11879,4,0,1,3837,1,9719,23,173,12,4,0.14,1,0.04,3,False,False,False,False,1,0,0,0,5.7,7.300000000000001,,,,293.8,389.5,,,,286.8,326.9,,,
Alumyn,BOTTOM,Lulu,100,True,1708,3,2,22,12.50,39,0,39,1.37,9345,328.28,7073,248.466,5361,1328,384,11103,1993,6588,0,0,0,1874,0,4860,35,191,48,24,0.84,8,0.28,7,False,False,False,False,0,0,0,0,1.2,1.8,,,,275.4,427.3,,,,183,382.3,,,
source35,TOP,Ornn,200,False,1708,1,8,3,0.50,138,0,138,4.85,8304,291.71,12810,450,7269,5371,169,22676,527,28633,0,0,0,1384,0,1487,31,519,22,11,0.39,1,0.04,3,False,False,False,True,0,0,0,0,5.6,4.6,,,,457.20000000000005,367.70000000000005,,,,294.7,290,,,
Xanielson,JUNGLE,Trundle,200,False,1708,4,7,4,1.14,42,108,150,5.27,9232,324.31,11830,415.574,3239,7404,1186,34045,13678,24744,81,8,1,285,0,21561,22,371,28,7,0.25,5,0.18,7,False,False,True,False,0,0,0,0,0.7,0.9,,,,337.9,335,,,,329.29999999999995,320.70000000000005,,,
Nøtëz,MIDDLE,Swain,200,False,1708,1,6,4,0.83,164,6,170,5.97,8177,287.25,15359,539.543,14419,940,0,25586,6415,11350,1,0,0,764,0,6592,34,354,22,11,0.39,2,0.07,7,False,False,False,False,0,0,0,0,6.7,6.1,,,,447.4,423.3,,,,243.4,289.3,,,
MG Dilly,BOTTOM,Twitch,200,False,1708,4,6,4,1.33,133,4,137,4.81,9498,333.65,12577,441.815,857,9261,2458,15299,3251,8983,0,0,0,0,0,3070,22,361,16,8,0.28,1,0.04,1,False,False,False,False,0,0,0,0,4.9,5.699999999999999,,,,261.29999999999995,332.3,,,,254.2,379.4,,,
Kalliroe,BOTTOM,Nami,200,False,1708,2,6,6,1.33,9,0,9,0.32,6218,218.43,7129,250.433,5829,707,592,13239,4648,7338,0,0,0,0,0,491,25,87,50,18,0.63,8,0.28,6,False,False,False,False,0,0,0,0,0,0.7,,,,250,257.4,,,,177.3,207.2,,,
Fresh53,TOP,Shen,100,False,1572,2,7,5,1.00,101,6,107,4.08,6964,265.80,9222,351.985,3406,5208,606,21728,1696,22405,3,0,0,1464,0,3172,27,204,21,9,0.34,4,0.15,1,False,False,False,False,0,0,0,0,3.6,4.6,,,,367.8,409.3,,,,169.89999999999998,232.4,,,
Overlord Cuda,JUNGLE,Nunu,100,False,1572,5,7,10,2.14,46,105,151,5.76,10169,388.13,12633,482.176,9004,2103,1525,38058,21609,39936,84,0,0,822,0,7155,40,404,27,10,0.38,4,0.15,6,False,False,False,False,1,0,0,0,0.1,3.3,,,,292,576.5999999999999,,,,272.8,412.4,,,
Zoe Exotic,MIDDLE,Vladimir,100,False,1572,7,3,6,4.33,184,0,184,7.02,11873,453.17,16776,640.305,15460,896,420,19598,14713,9955,0,0,1,3033,0,10589,4,67,10,5,0.19,1,0.04,3,False,False,False,False,1,0,0,0,6.9,8,,,,464,541.4,,,,284.7,360.7,,,
Atílla,BOTTOM,Ashe,100,False,1572,3,6,6,1.50,138,4,142,5.42,8504,324.58,11391,434.771,978,10412,0,13621,1885,9549,4,0,1,847,0,5778,39,543,25,12,0.46,3,0.11,5,False,False,False,False,0,0,0,0,6.8,4.5,,,,274.20000000000005,277.1,,,,238.5,326.3,,,
KillaTron100,BOTTOM,Taric,100,False,1572,0,6,9,1.50,30,0,30,1.15,5918,225.88,6171,235.534,3608,2032,530,18954,9966,19155,0,0,0,0,0,895,24,44,33,23,0.88,3,0.11,6,False,False,False,False,0,0,0,0,1.1,1.8,,,,222.9,334.4,,,,155.4,213.5,,,
GE Amazarashi ,TOP,Ornn,200,True,1572,2,4,14,4.00,136,4,140,5.34,8910,340.08,18201,694.695,10168,7920,113,21602,2578,24056,4,0,2,3904,0,6359,51,549,13,8,0.31,1,0.04,0,False,False,False,False,0,0,0,0,5.300000000000001,5.9,,,,454.1,470.2,,,,278.7,357.9,,,
THC Rich ,JUNGLE,Shyvana,200,True,1572,5,4,10,3.75,44,120,164,6.26,10311,393.55,14350,547.71,10822,2714,813,22333,8956,15528,80,8,3,3198,1,38025,7,90,25,3,0.11,6,0.23,3,True,False,False,False,0,0,0,0,0.6,2.1,,,,347.9,492.70000000000005,,,,314.6,430.7,,,
THC Venom,MIDDLE,Yasuo,200,True,1572,12,3,5,5.67,165,17,182,6.95,12455,475.38,24315,928.053,3419,19959,936,14873,4742,15435,4,9,2,4225,0,9550,27,129,19,8,0.31,5,0.19,0,False,False,False,True,2,2,0,0,7.6,7.1,,,,466.3,521.6,,,,324.3,569,,,
Momma Skwiwi,BOTTOM,Zyra,200,True,1572,8,2,8,8.00,140,8,148,5.65,10390,396.56,20513,782.939,19448,1047,18,8134,2772,3406,0,0,0,1517,0,4364,69,378,30,16,0.61,4,0.15,9,False,False,False,False,1,0,0,0,6.8,6.1,,,,311.6,457.6,,,,323.1,393.8,,,
THC Daddy Spark,BOTTOM,Maokai,200,True,1572,2,4,13,3.75,43,4,47,1.79,7637,291.49,11252,429.466,9384,1114,753,18253,4764,20392,0,4,1,2267,0,2776,60,297,50,20,0.76,8,0.31,8,False,False,True,False,0,0,0,0,1.2,2.5,,,,282.29999999999995,377.2,,,,172.6,360.79999999999995,,,
GE Amazarashi ,TOP,Urgot,100,False,2212,6,3,3,3.00,243,64,307,8.33,15814,428.95,19611,531.944,14,18139,1457,34076,16084,63118,44,8,2,4239,0,18369,42,712,32,13,0.35,6,0.16,2,False,False,False,False,0,0,0,0,5.9,9.100000000000001,5.9,,,563.3,648.2,525.8,,,338.3,461.2,429.9,,
THC Rich ,JUNGLE,LeeSin,100,False,2212,1,7,5,0.86,28,160,188,5.10,10591,287.28,8803,238.779,997,7469,336,31571,8776,30572,90,18,0,285,0,31369,22,404,39,13,0.35,4,0.11,3,False,False,False,False,0,0,0,0,0,1.1,0.8,,,304.29999999999995,364.9,317.20000000000005,,,281.29999999999995,303.4,259.9,,
THC Venom,MIDDLE,Ahri,100,False,2212,2,5,5,1.40,203,8,211,5.72,11543,313.10,24069,652.866,15932,1326,6810,20759,5573,11914,8,0,1,2003,0,2987,29,109,23,11,0.30,6,0.16,0,True,False,False,False,0,0,0,0,6.8,5.9,5,,,436.20000000000005,373.6,349.5,,,302.3,304.4,292.9,,
Momma Skwiwi,BOTTOM,Caitlyn,100,False,2212,6,3,3,3.00,227,9,236,6.40,14692,398.52,16911,458.707,2753,13511,646,17890,5107,8791,9,0,1,3650,0,12143,19,99,41,15,0.41,9,0.24,5,False,False,False,False,1,1,0,0,6,8.399999999999999,6.300000000000001,,,296.9,389.9,367.3,,,226.8,319.5,432.40000000000003,,
THC Daddy Spark,BOTTOM,Morgana,100,False,2212,1,8,6,0.88,33,4,37,1.00,8341,226.25,16888,458.083,15292,820,776,21630,4646,11184,4,0,1,969,0,2162,64,103,75,37,1.00,10,0.27,4,False,False,False,True,0,0,0,0,0.7,0.9,1.5,,,239,236.9,338.1,,,171.6,228.5,248.5,,
Fresh53,TOP,Poppy,200,True,2212,2,6,8,1.67,197,5,202,5.48,12018,325.99,11342,307.649,3424,6841,1076,26941,5411,60046,1,2,2,4936,0,9148,25,563,31,13,0.35,3,0.08,3,False,False,False,False,0,0,0,0,4,7.5,5.4,,,365.9,532.2,615,,,186.6,300.6,407.5,,
Overlord Cuda,JUNGLE,JarvanIV,200,True,2212,5,5,20,5.00,38,123,161,4.37,13004,352.73,17203,466.627,4401,12125,676,42319,13162,43120,90,1,1,3477,0,18300,30,348,32,6,0.16,7,0.19,6,False,False,False,False,1,0,0,0,0.3,1.4000000000000001,1.9000000000000001,,,255.3,409.70000000000005,522.2,,,212,338.7,410.2,,
Zoe Exotic,MIDDLE,Orianna,200,True,2212,11,1,9,20.00,234,20,254,6.89,17493,474.49,24721,670.552,22220,1193,1307,12599,1863,8681,20,0,0,3156,1,14825,20,245,18,8,0.22,2,0.05,3,False,False,False,False,4,1,0,0,6.5,9.1,4.3,,,436.4,526.1,520.1,,,240.29999999999998,373.5,594.2,,
Atílla,BOTTOM,Sivir,200,True,2212,7,2,13,10.00,233,21,254,6.89,14285,387.48,23424,635.371,2479,20288,655,10948,2300,12887,12,5,3,5692,0,16750,0,20,43,22,0.60,3,0.08,9,False,False,False,False,0,0,0,0,5,7.5,6.4,,,323.2,376.20000000000005,577,,,201.4,348.8,470,,
KillaTron100,BOTTOM,Janna,200,True,2212,1,2,17,9.00,16,4,20,0.54,8924,242.06,9974,270.542,8138,1305,530,14492,13020,10733,0,0,1,2257,0,5317,49,165,87,38,1.03,11,0.30,7,False,False,False,False,0,0,0,0,0.30000000000000004,0.2,0.6,,,240.20000000000002,306.8,445.5,,,184,187.6,278.3,,
GE Amazarashi ,TOP,Ornn,100,True,1675,4,2,7,5.50,166,4,170,6.09,10474,375.19,18536,663.976,10773,7542,220,18602,4467,31072,4,0,2,7895,0,17404,33,492,35,11,0.39,5,0.18,2,False,False,True,False,0,0,0,0,3.4000000000000004,7.5,,,,409.79999999999995,563.9,,,,213.39999999999998,410.1,,,
THC Rich ,JUNGLE,Amumu,100,True,1675,11,2,7,9.00,23,155,178,6.38,12178,436.23,12990,465.313,9833,1518,1638,23948,9006,23536,93,15,1,1136,0,36644,40,396,36,5,0.18,8,0.29,5,False,False,False,False,3,0,0,0,0,0.6,,,,335.5,444.1,,,,287.5,458,,,
THC Venom,MIDDLE,Gangplank,100,True,1675,6,1,11,17.00,196,13,209,7.49,13073,468.29,20802,745.146,4631,13024,3146,15902,5121,8890,4,5,3,5088,0,13330,14,287,12,7,0.25,1,0.04,0,False,False,False,False,1,0,0,0,8.7,8.2,,,,457.1,477.79999999999995,,,,318.79999999999995,472.2,,,
Momma Skwiwi,BOTTOM,Orianna,100,True,1675,0,1,16,16.00,155,4,159,5.70,9062,324.61,8126,291.081,7612,376,136,10552,3447,7846,0,0,0,1961,0,3846,16,212,30,12,0.43,5,0.18,4,False,False,False,False,0,0,0,0,6.3,6.1,,,,305.5,401.8,,,,243.39999999999998,338.2,,,
THC Daddy Spark,MIDDLE,875,100,True,1675,5,3,6,3.67,56,9,65,2.33,8606,308.27,10091,361.469,557,7716,1817,18410,2632,17480,0,1,1,1382,1,10306,13,71,66,22,0.79,14,0.50,5,False,False,False,False,1,0,0,0,1.3,2.2,,,,267.20000000000005,330,,,,152.7,291.6,,,
Hawk21js,TOP,Kled,200,False,1675,2,5,1,0.60,163,7,170,6.09,8642,309.56,9959,356.74,0,9629,330,28189,1936,20488,3,0,0,1254,0,2581,6,89,20,13,0.47,2,0.07,5,False,False,False,False,1,0,0,0,6.1,6.699999999999999,,,,419.79999999999995,428.8,,,,237,299.9,,,
Overlord Cuda,JUNGLE,JarvanIV,200,False,1675,4,8,4,1.00,19,102,121,4.33,8532,305.62,7445,266.687,2168,4660,616,24478,6577,21905,95,0,0,0,0,3264,15,391,16,4,0.14,3,0.11,3,True,False,False,False,0,0,0,0,0.2,0.8999999999999999,,,,293.79999999999995,305.5,,,,280.5,311.5,,,
Zoe Exotic,MIDDLE,Ziggs,200,False,1675,2,2,1,1.50,189,5,194,6.95,9266,331.92,16722,598.997,16345,377,0,9893,369,5360,5,0,0,0,0,424,14,240,11,6,0.21,0,0.00,2,False,False,False,False,0,0,0,0,7.199999999999999,6.8,,,,435.7,409.1,,,,246.7,272.5,,,
Atílla,BOTTOM,Sivir,200,False,1675,0,5,5,1.00,197,0,197,7.06,8661,310.25,13644,488.74,793,12851,0,12046,2508,5227,0,0,1,1752,0,3762,0,0,18,14,0.50,2,0.07,7,False,False,False,False,0,0,0,0,6.6,7.1,,,,301.20000000000005,395.20000000000005,,,,239.39999999999998,316.20000000000005,,,
KillaTron100,BOTTOM,Thresh,200,False,1675,1,6,5,1.00,32,0,32,1.15,6137,219.83,5573,199.63,4973,599,0,13879,1081,14032,0,0,0,823,0,1014,39,98,55,29,1.04,6,0.21,3,False,False,False,False,0,0,0,0,1.4,1.6,,,,240.6,232.60000000000002,,,,147.6,227.89999999999998,,,
notsosavagec,TOP,Garen,100,False,2764,7,6,2,1.50,293,14,307,6.66,17996,390.65,33542,728.119,168,26570,6803,44128,7839,101177,7,1,0,4110,0,12828,52,237,28,14,0.30,6,0.13,4,False,False,False,False,0,0,0,0,8.2,9.3,3.8,,,497.90000000000003,536.6,379.6,,,305.70000000000005,388,347.8,,
Bªtman,JUNGLE,JarvanIV,100,False,2764,3,6,11,2.33,63,189,252,5.47,14485,314.44,12757,276.925,3256,7997,1503,41601,10933,75729,128,12,0,0,0,24805,29,645,60,12,0.26,21,0.46,12,False,False,False,False,0,0,0,0,0,0.8999999999999999,0.7999999999999999,,,268.9,436.7,371.1,,,226.2,347.29999999999995,332,,
Diamandis,TOP,Ziggs,100,False,2764,4,5,11,3.00,260,20,280,6.08,15537,337.27,70256,1525.09,66525,402,3329,24918,1843,14364,16,0,1,5676,0,21142,28,288,36,14,0.30,6,0.13,2,False,False,False,False,1,0,0,0,8.5,8.1,3.9,,,451.1,530.2,364.2,,,266.4,354.79999999999995,372.29999999999995,,
AlexDrey,BOTTOM,Draven,100,False,2764,3,8,5,1.00,179,9,188,4.08,13324,289.23,16200,351.664,109,14867,1223,22303,3989,29479,9,0,1,870,0,13237,15,127,28,13,0.28,11,0.24,0,False,False,False,False,0,0,0,0,4.9,3.5,4.1,,,241.6,273,461.29999999999995,,,207.2,215.5,318.70000000000005,,
kittylexa,BOTTOM,Taric,100,False,2764,2,6,9,1.83,49,0,49,1.06,10120,219.68,7070,153.473,3685,1096,2289,29196,13232,48228,0,0,0,0,0,832,30,52,78,31,0.67,16,0.35,9,False,False,False,False,0,0,0,0,1.8,2,0.3,,,276.4,256.6,325.9,,,167.1,263.70000000000005,208.9,,
Feathers and Fur,TOP,Illaoi,200,True,2764,8,0,8,16.00,313,8,321,6.97,18416,399.77,34648,752.127,0,33563,1085,43109,25283,53894,0,4,2,2911,1,14203,20,144,83,23,0.50,4,0.09,7,False,False,False,False,2,0,0,0,7.5,7.3,6.6,,,445.7,500,482.20000000000005,,,260.3,295.20000000000005,462.9,,
DokiFTW,JUNGLE,Sejuani,200,True,2764,3,4,16,4.75,60,136,196,4.25,14845,322.25,11974,259.928,5038,5509,1426,57840,18042,46853,79,9,3,2244,0,50895,31,304,63,31,0.67,7,0.15,14,False,False,False,False,0,0,0,0,0.3,2.2,0.6,,,279,358.4,241.2,,,248.9,283.4,260.9,,
DoIphinJudas,MIDDLE,MissFortune,200,True,2764,8,3,15,7.67,235,51,286,6.21,18065,392.15,39693,861.643,3015,34770,1908,23164,2000,13196,33,9,2,11921,1,33445,18,294,41,15,0.33,4,0.09,4,False,False,False,False,0,0,0,0,7.1,7.8,4.6,,,465.5,451,414.8,,,306.7,373,352,,
Duero,BOTTOM,Syndra,200,True,2764,7,5,9,3.20,214,36,250,5.43,15559,337.75,32227,699.573,30267,946,1013,26934,11730,9831,28,0,2,4659,0,16206,62,371,32,16,0.35,1,0.02,2,True,False,False,False,0,0,0,0,8,6.699999999999999,2.3,,,336.8,414.4,248.9,,,342.70000000000005,320.1,231.3,,
Wynter07,BOTTOM,Pyke,200,True,2764,5,8,12,2.12,59,4,63,1.37,14236,309.03,15464,335.687,0,12665,2799,34227,12079,20157,0,0,1,1006,0,1609,64,204,151,72,1.56,22,0.48,4,False,False,False,False,0,0,0,0,1.3,1.9,0.5,,,259.4,371.8,189.7,,,172.3,362,248,,
Feathers and Fur,TOP,Chogath,100,True,2540,3,5,10,2.60,215,26,241,5.69,14544,343.56,12885,304.37,6062,1014,5807,42575,9633,37227,4,2,2,7537,1,13197,38,1140,75,21,0.50,4,0.09,5,False,False,False,False,0,0,0,0,4.6,8.2,5.300000000000001,,,332.9,574.5,492.90000000000003,,,210.3,442,331.20000000000005,,
DokiFTW,JUNGLE,Sejuani,100,True,2540,3,5,13,3.20,36,148,184,4.35,12924,305.29,14339,338.717,5731,5421,3186,47828,12799,47767,102,15,0,1174,0,27252,27,612,59,27,0.64,6,0.14,12,False,False,False,False,0,0,0,0,0.5,0.6000000000000001,0.8999999999999999,,,220.79999999999998,420.4,412.9,,,215.5,364.6,287.6,,
DoIphinJudas,MIDDLE,Rumble,100,True,2540,9,2,11,10.00,194,26,220,5.20,15992,377.76,32607,770.244,28972,844,2790,26481,10370,23362,14,0,1,1688,1,16941,21,528,41,15,0.35,2,0.05,6,True,False,False,False,1,0,0,0,5.6,4.7,3.8,,,385.6,404.6,456.70000000000005,,,314.9,355.7,326.6,,
Duero,MIDDLE,MissFortune,100,True,2540,15,5,10,5.00,279,20,299,7.06,20882,493.28,68550,1619.29,2247,60061,6241,20186,1347,19260,16,0,5,9767,0,34327,16,308,46,19,0.45,6,0.14,4,False,False,False,False,3,2,1,0,7.5,7.3,6.300000000000001,,,326.9,376.70000000000005,522.6,,,343.29999999999995,382,601.2,,
Wynter07,MIDDLE,Swain,100,True,2540,1,9,16,1.89,51,9,60,1.42,10944,258.52,23192,547.843,19029,1417,2745,36121,10387,19264,8,1,1,1049,0,1634,45,208,100,46,1.09,14,0.33,5,False,False,False,False,0,0,0,0,0.5,1.2999999999999998,2.1,,,249,279.2,383.6,,,192.10000000000002,254.89999999999998,236.60000000000002,,
notsosavagec,TOP,Yorick,200,False,2540,9,6,10,3.17,292,12,304,7.18,19013,449.13,39966,944.079,12414,27552,0,55231,26098,84721,0,4,2,9327,0,25528,11,159,48,14,0.33,10,0.24,4,False,False,True,False,0,0,0,0,7,6.199999999999999,8.2,,,489.9,461.20000000000005,514.7,,,309.1,631.2,387.29999999999995,,
Bªtman,JUNGLE,Zac,200,False,2540,7,6,10,2.83,61,157,218,5.15,14003,330.78,18883,446.055,16379,1079,1424,73048,53314,68018,118,4,0,196,0,17316,62,593,37,9,0.21,10,0.24,8,False,False,False,False,1,0,0,0,0.5,1.8,1,,,303.1,453.1,360.1,,,255.10000000000002,373,312.7,,
Diamandis,MIDDLE,Azir,200,False,2540,1,8,8,1.12,203,12,215,5.08,11673,275.74,22339,527.693,21002,1336,0,25779,1876,14385,12,0,0,941,0,9554,11,132,25,8,0.19,7,0.17,0,False,False,False,False,0,0,0,0,5.4,7,5.6,,,386.6,474.7,414.4,,,211.7,341.7,254.5,,
AlexDrey,BOTTOM,Jinx,200,False,2540,7,4,8,3.75,188,22,210,4.96,13700,323.62,27213,642.827,1214,25279,720,18428,4932,7750,18,0,0,1986,0,16169,30,139,26,12,0.28,3,0.07,0,False,False,False,False,0,0,0,0,5.300000000000001,4.7,3.8,,,252,383.5,297.8,,,238.2,349.5,281.4,,
kittylexa,BOTTOM,Morgana,200,False,2540,2,7,16,2.57,51,0,51,1.20,10071,237.90,18964,447.969,17666,794,504,24269,5278,13424,0,0,0,762,0,2155,96,169,87,32,0.76,15,0.35,11,False,False,False,False,0,0,0,0,1,2,0.8999999999999999,,,203.8,376.4,218.2,,,156.4,303.6,214,,
Undah,JUNGLE,Urgot,100,False,1720,3,6,0,0.50,194,0,194,6.77,10048,350.51,13658,476.442,0,12393,1265,20560,659,23416,0,0,1,4191,0,4191,23,124,30,12,0.42,3,0.10,4,False,False,False,False,0,0,0,0,6.9,8.3,,,,437.4,540.8,,,,233.9,413.4,,,
Cornelia Street,JUNGLE,Nocturne,100,False,1720,2,5,1,0.60,43,115,158,5.51,8662,302.16,6716,234.279,431,6078,206,27933,10387,15736,95,0,0,573,0,17816,97,351,13,1,0.03,6,0.21,1,False,False,False,False,0,0,0,0,0.4,1,,,,296.2,278.2,,,,287.1,245.60000000000002,,,
Voltsy,TOP,Cassiopeia,100,False,1720,1,5,3,0.80,215,8,223,7.78,9136,318.70,12773,445.57,12026,166,580,17545,4473,9841,4,0,0,897,0,4230,34,138,30,13,0.45,0,0.00,4,False,False,False,False,0,0,0,0,7.6,7.6,,,,422.1,435.5,,,,257.4,323.1,,,
LoLGermRat,BOTTOM,Caitlyn,100,False,1720,2,7,2,0.57,152,4,156,5.44,8640,301.39,6059,211.36,550,5485,24,17404,761,8093,4,0,0,1219,0,2223,8,45,19,8,0.28,3,0.10,0,False,False,False,False,0,0,0,0,5.3,6.2,,,,274.6,266.3,,,,246.9,271,,,
derpigreg,BOTTOM,Yuumi,100,False,1720,0,1,6,6.00,3,0,3,0.10,5755,200.76,7629,266.128,6507,377,744,3182,8890,2470,0,0,0,352,0,639,27,55,37,19,0.66,1,0.03,7,False,False,False,False,0,0,0,0,0.1,0.1,,,,245.3,263.1,,,,180.3,183.8,,,
Tarkov Beefer,TOP,Maokai,200,True,1720,4,1,8,12.00,140,0,140,4.88,9278,323.65,8031,280.151,6503,1527,0,16609,7917,22459,0,0,1,4190,1,7336,36,363,21,10,0.35,4,0.14,4,False,False,False,False,0,0,0,0,5.1,5.4,,,,460.6,478.3,,,,221.7,284.20000000000005,,,
LucifersEyes,JUNGLE,Trundle,200,True,1720,6,1,7,13.00,11,124,135,4.71,10453,364.64,9281,323.756,711,7746,824,19634,13494,12513,59,12,3,2684,0,38289,10,261,27,10,0.35,4,0.14,10,False,False,False,False,1,0,0,0,0.2,0.4,,,,294.29999999999995,393.9,,,,250.1,359.70000000000005,,,
Verbal Toxicity,MIDDLE,Orianna,200,True,1720,5,1,5,10.00,195,8,203,7.08,11142,388.67,13805,481.57,13560,245,0,10224,2883,5562,4,4,2,4165,1,12576,13,316,32,9,0.31,2,0.07,4,False,False,False,False,1,0,0,0,8,8.4,,,,454.7,527.4000000000001,,,,253.39999999999998,445.5,,,
El Depresso,TOP,Aphelios,200,True,1720,6,3,10,5.33,191,8,199,6.94,12201,425.62,16077,560.826,691,14864,522,11880,2647,8134,8,0,3,6794,0,14383,15,136,15,7,0.24,3,0.10,1,True,False,True,False,0,0,0,0,5.6,7,,,,276.4,359.9,,,,271.9,357.4,,,
6s Opty,TOP,Nautilus,200,True,1720,3,2,11,7.00,26,0,26,0.91,8003,279.17,7875,274.709,5335,2180,360,13814,3607,18357,0,0,0,340,0,1832,39,190,54,25,0.87,2,0.07,9,False,False,False,False,0,0,0,0,1,1.2,,,,209.8,319.2,,,,188.6,217.9,,,
Tarkov Beefer,TOP,Malphite,100,True,1852,10,2,9,9.50,172,8,180,5.83,12412,402.12,18834,610.173,15306,3527,0,15962,3400,20286,8,0,0,4938,1,7447,27,606,10,6,0.19,0,0.00,2,False,False,False,False,1,0,0,0,4.9,6.1,5.8,,,538.6,468.1,652.6,,,292,398.3,420.4,,
LucifersEyes,JUNGLE,Graves,100,True,1852,9,0,10,19.00,41,161,202,6.54,13283,430.33,12376,400.95,793,11147,436,16138,9404,10210,108,4,1,3397,0,43174,17,446,32,11,0.36,7,0.23,10,False,False,False,False,1,0,0,0,0.1,1,2.5,,,255.4,414.29999999999995,836,,,223.1,426.29999999999995,565.2,,
Verbal Toxicity,MIDDLE,Ornn,100,True,1852,0,3,14,4.67,177,4,181,5.86,9694,314.06,8684,281.339,4649,4035,0,20896,4724,22407,4,0,1,1772,0,6274,24,468,20,9,0.29,2,0.06,3,False,False,False,False,0,0,0,0,6.7,5.6,5.2,,,424.5,418.6,565.3,,,224,326.2,324.4,,
El Depresso,BOTTOM,Ezreal,100,True,1852,8,1,14,22.00,168,8,176,5.70,12296,398.36,11621,376.49,3932,7576,112,5771,1223,2548,4,0,2,4867,0,20377,4,158,15,6,0.19,4,0.13,2,True,False,False,False,1,0,0,0,6,5.800000000000001,4.6,,,288.1,412.9,589.7,,,258.2,478.7,375.4,,
6s Opty,BOTTOM,Swain,100,True,1852,8,0,19,27.00,16,0,16,0.52,9679,313.57,17024,551.533,14862,1186,975,19391,10953,8589,0,0,3,4161,0,8877,37,204,58,23,0.75,6,0.19,7,False,False,False,False,1,0,0,0,0.30000000000000004,0.6,0.6,,,276.20000000000005,433.4,563,,,152.7,407.6,295.2,,
Undah,TOP,Darius,200,False,1852,2,8,0,0.25,225,4,229,7.42,11057,358.22,11398,369.266,0,9932,1466,27739,4421,21113,0,0,2,6056,0,6056,17,123,22,11,0.36,0,0.00,1,False,False,False,False,0,0,0,0,5.1,9.4,8,,,366,622.1,580.8,,,199.2,410.6,430.4,,
Cornelia Street,JUNGLE,XinZhao,200,False,1852,1,6,2,0.50,23,108,131,4.24,8641,279.95,7410,240.065,561,6590,258,30106,14523,18269,82,4,0,3829,0,16889,12,399,18,8,0.26,3,0.10,2,False,False,False,True,0,0,0,0,0.1,0.6,1.6,,,300,369.7,294.5,,,241.8,315.8,241,,
Voltsy,MIDDLE,Galio,200,False,1852,2,4,1,0.75,209,8,217,7.03,10654,345.16,13777,446.339,13420,356,0,15151,64,23136,0,0,1,2634,0,6449,23,51,40,13,0.42,5,0.16,3,False,False,True,False,0,0,0,0,7.4,7.1,6.4,,,444.1,473.5,387.90000000000003,,,299.6,401.3,299,,
LoLGermRat,BOTTOM,Heimerdinger,200,False,1852,1,8,0,0.12,151,0,151,4.89,8256,267.47,4408,142.808,3979,429,0,12827,273,5711,0,0,1,2276,0,4384,5,113,21,9,0.29,4,0.13,0,False,False,False,False,0,0,0,0,5.5,3.8,5.300000000000001,,,296.1,273.3,486,,,241.89999999999998,211.39999999999998,262.2,,
derpigreg,BOTTOM,Zyra,200,False,1852,0,9,1,0.11,55,4,59,1.91,6957,225.39,15463,500.961,13897,312,1253,15120,872,5412,4,0,1,350,0,3057,44,387,37,16,0.52,4,0.13,6,False,False,False,False,0,0,0,0,0.4,2,2.7,,,296.2,209.4,333.4,,,161.1,213.5,240.8,,
