ToniTop,NONE,Zac,100,False,1055,0,4,0,0.00,74,0,74,4.21,4007,227.89,3665,208.436,3191,224,249,12895,6260,5797,0,0,0,0,0,0,16,119,9,6,0.34,0,0.00,2,False,False,False,False,0,0,0,0,4.3,,,,,395.7,,,,,193.8,,,,
ºGøNº,NONE,Skarner,100,False,1055,0,5,1,0.20,5,68,73,4.15,4359,247.91,1953,111.071,676,1089,187,12410,3719,9951,56,0,0,0,0,2228,10,346,13,3,0.17,2,0.11,2,False,False,False,False,0,0,0,0,0.1,,,,,217.4,,,,,207,,,,
cutegirlflower22,NONE,Lissandra,100,False,1055,1,7,0,0.14,74,0,74,4.21,4675,265.88,4131,234.938,2546,1345,240,11004,561,3861,0,0,0,0,0,215,11,109,7,3,0.17,0,0.00,1,False,False,False,False,0,0,0,0,5,,,,,368.9,,,,,202.2,,,,
Míschief,NONE,Ashe,100,False,1055,0,3,0,0.00,90,0,90,5.12,4356,247.74,3147,178.976,339,2807,0,5737,199,1751,0,0,0,0,0,0,17,255,5,2,0.11,1,0.06,0,False,False,False,False,0,0,0,0,5.5,,,,,278.3,,,,,213.89999999999998,,,,
Kéria,NONE,Leona,100,False,1055,0,4,1,0.25,18,0,18,1.02,3418,194.39,1048,59.6019,658,389,0,7516,133,6795,0,0,0,0,0,0,8,16,28,14,0.80,3,0.17,6,False,False,False,False,0,0,0,0,1,,,,,261,,,,,145.6,,,,
rgrou2,NONE,Urgot,200,True,1055,7,0,3,10.00,136,0,136,7.73,9017,512.82,9960,566.445,100,8256,1603,5556,1355,5621,0,0,1,4480,0,4480,18,218,9,3,0.17,3,0.17,0,False,False,False,False,1,1,0,0,7.7,,,,,505.2,,,,,331.5,,,,
ninjamønkey,NONE,JarvanIV,200,True,1055,4,1,12,16.00,15,100,115,6.54,7616,433.14,5474,311.318,782,3791,900,14780,6762,9503,68,4,0,546,0,20904,12,263,20,5,0.28,2,0.11,4,True,False,False,True,0,0,0,0,0.2,,,,,380.3,,,,,350.7,,,,
Earleking,NONE,Galio,200,True,1055,11,0,2,13.00,136,4,140,7.96,9552,543.24,14905,847.678,14169,446,289,8598,68,8861,0,4,1,3169,0,3683,25,64,14,6,0.34,1,0.06,4,False,False,False,False,2,0,0,0,7.199999999999999,,,,,464,,,,,390.5,,,,
SushiMunster,NONE,Caitlyn,200,True,1055,1,0,5,6.00,113,4,117,6.65,6710,381.61,6448,366.711,53,6395,0,3358,905,1836,0,4,3,4990,0,4990,9,13,10,7,0.40,0,0.00,3,False,False,False,False,0,0,0,0,7.699999999999999,,,,,312.9,,,,,302.9,,,,
Vexrax,NONE,Rakan,200,True,1055,0,0,14,14.00,17,0,17,0.97,5464,310.75,3365,191.374,2230,832,301,4642,1564,7539,0,0,1,2939,0,7149,15,48,18,11,0.63,1,0.06,3,False,False,False,True,0,0,0,0,1.1,,,,,304.4,,,,,214.3,,,,
rgrou2,TOP,Mordekaiser,100,True,1452,4,3,10,4.67,119,0,119,4.92,8640,357.02,11188,462.314,9920,1268,0,16200,6292,18094,0,0,1,1135,0,9219,6,68,12,9,0.37,1,0.04,4,False,False,False,False,1,0,0,0,6.6,4.9,,,,442.20000000000005,427.20000000000005,,,,250.10000000000002,352.1,,,
ninjamønkey,JUNGLE,Zac,100,True,1452,5,2,15,10.00,27,106,133,5.50,9347,386.24,10751,444.256,9005,1246,500,23492,23618,20605,78,0,2,941,0,19274,38,422,24,4,0.17,8,0.33,4,False,False,False,False,1,0,0,0,0.1,0.8,,,,273.9,474.79999999999995,,,,291.6,364,,,
Earleking,MIDDLE,Garen,100,True,1452,12,1,8,20.00,144,4,148,6.12,12724,525.78,17695,731.198,653,13724,3317,14727,3088,16035,0,0,3,11338,1,17045,35,75,24,10,0.41,2,0.08,4,False,False,False,False,1,0,0,0,7.199999999999999,5.3,,,,469.7,462.2,,,,277.4,636.4,,,
SushiMunster,BOTTOM,Varus,100,True,1452,7,3,16,7.67,113,8,121,5.00,9988,412.73,14374,593.967,2209,12165,0,8875,1832,3500,0,0,1,3264,0,14211,18,181,15,7,0.29,1,0.04,3,True,False,False,False,1,0,0,0,5.6,4.2,,,,295.8,380.1,,,,286.5,426.9,,,
Vexrax,BOTTOM,Blitzcrank,100,True,1452,4,2,17,10.50,25,0,25,1.03,7535,311.36,8346,344.876,4926,2903,516,11623,2221,13458,0,0,1,1928,0,3703,34,125,37,17,0.70,2,0.08,5,False,False,False,False,0,0,0,0,1.1,0.8,,,,251,338.6,,,,191.1,295.3,,,
ToniTop,TOP,Vayne,200,False,1452,3,5,0,0.60,151,8,159,6.57,8901,367.81,16234,670.826,235,10354,5644,15063,697,5694,8,0,1,4415,0,4415,17,138,21,11,0.45,1,0.04,3,False,False,True,False,0,0,0,0,6.1000000000000005,7.3999999999999995,,,,472.1,476.4,,,,255,481.1,,,
ºGøNº,JUNGLE,Hecarim,200,False,1452,2,9,6,0.89,7,100,107,4.42,7392,305.45,7003,289.38,868,5686,448,23085,8154,12063,79,4,0,0,0,2996,12,91,20,7,0.29,3,0.12,0,False,False,False,False,0,0,0,0,0,0.5,,,,263,318.8,,,,263.7,327.9,,,
cutegirlflower22,MIDDLE,Qiyana,200,False,1452,3,6,2,0.83,96,0,96,3.97,6843,282.77,14503,599.298,859,12841,802,17999,1225,8393,0,0,0,1555,0,1555,32,97,6,4,0.17,0,0.00,0,False,False,False,False,0,0,0,0,5.5,3.2,,,,409.7,285.5,,,,275,293.1,,,
Míschief,BOTTOM,Lucian,200,False,1452,2,5,2,0.80,163,0,163,6.74,7814,322.89,6736,278.347,735,5541,460,10528,1415,4004,0,0,1,2595,0,2992,0,5,6,4,0.17,2,0.08,1,False,False,False,False,0,0,0,0,6.199999999999999,8.2,,,,283.9,377.6,,,,262.5,387.2,,,
Kappa Krusader,BOTTOM,Thresh,200,False,1452,1,7,3,0.57,30,0,30,1.24,5205,215.08,5264,217.521,4333,653,277,13868,294,12937,0,0,0,545,0,545,35,99,35,14,0.58,6,0.25,2,False,False,False,False,0,0,0,0,1.4,1.4,,,,251.6,269.9,,,,187.9,219,,,
Luhmo,MIDDLE,Ornn,100,False,2202,7,3,16,7.67,247,8,255,6.95,15263,415.89,19219,523.678,13123,5968,128,22871,2300,45651,0,0,2,3910,1,13558,48,730,18,10,0.27,2,0.05,2,False,False,False,False,1,0,0,0,6.4,8.3,6.5,,,443,522.1,497,,,341.7,354.4,444.9,,
Àmànstèr,JUNGLE,Zac,100,False,2202,3,4,13,4.00,37,96,133,3.62,11192,304.96,10246,279.183,8560,696,990,35646,29102,25644,76,0,0,69,0,11996,25,396,30,16,0.44,3,0.08,4,False,False,False,False,0,0,0,0,0,0.4,1.3,,,236.6,345.8,392.9,,,212.5,286.4,285,,
itsGinga,TOP,Galio,100,False,2202,1,3,18,6.33,195,4,199,5.42,11525,314.03,15058,410.3,14628,429,0,23853,1672,30164,1,0,0,57,0,6258,37,123,12,6,0.16,2,0.05,3,False,False,False,False,0,0,0,0,6,4.3,6.1,,,420.5,322,454.79999999999995,,,237.79999999999998,259.8,333.70000000000005,,
Mörtý,BOTTOM,Xayah,100,False,2202,13,2,10,11.50,278,48,326,8.88,19199,523.13,31730,864.578,327,31158,244,17668,1989,10653,36,0,3,8374,0,30149,18,117,19,6,0.16,6,0.16,2,False,False,True,False,4,1,0,0,6.1,7.6,5.9,,,296.3,459.7,409.7,,,273.2,519.2,399.6,,
Rîçk,BOTTOM,Rakan,100,False,2202,4,5,19,4.60,41,0,41,1.12,10278,280.05,7863,214.251,6709,605,548,15531,8308,26434,0,0,1,3409,0,5881,32,143,114,52,1.42,14,0.38,7,False,False,False,True,1,0,0,0,1.5,1.3,0.7,,,305.4,247.8,353,,,216.8,257.1,247.79999999999998,,
Joey Desu,TOP,Mordekaiser,200,True,2202,4,6,1,0.83,202,10,212,5.78,13276,361.74,21570,587.738,18282,2929,357,32483,11017,27284,1,8,4,6945,1,12343,5,47,43,16,0.44,2,0.05,3,False,False,False,False,0,0,0,0,6.300000000000001,7.5,4.9,,,379.6,492.1,560.7,,,230.39999999999998,341.29999999999995,483.7,,
DynamiteLarry22,JUNGLE,Elise,200,True,2202,3,5,7,2.00,26,211,237,6.46,12606,343.49,11504,313.46,8816,954,1733,26296,12098,15391,142,11,1,6,0,29878,16,224,37,9,0.25,7,0.19,8,False,False,False,False,0,0,0,0,0.4,0.5,1,,,248.1,436.1,615.3,,,256.5,313.6,455.09999999999997,,
Skìzz,MIDDLE,Irelia,200,True,2202,5,5,6,2.20,245,12,257,7.00,14812,403.60,14450,393.733,4233,9917,299,20595,4379,18227,4,1,2,5700,2,13220,24,134,49,18,0.49,5,0.14,8,True,False,False,False,0,0,0,0,7.8,8.2,6.9,,,429.6,438,592.6,,,360.70000000000005,345.2,562.1,,
epicfailguy456,BOTTOM,Aphelios,200,True,2202,3,6,7,1.67,235,16,251,6.84,13151,358.34,23928,651.989,1724,19934,2268,14166,1890,14232,16,0,3,8189,1,22843,21,182,14,3,0.08,6,0.16,3,False,False,False,False,1,0,0,0,8.3,6.4,6.6000000000000005,,,331.1,292,448.70000000000005,,,282.8,302,505,,
Zylandis,BOTTOM,Leona,200,True,2202,2,6,4,1.00,35,0,35,0.95,8575,233.65,4179,113.869,2107,1266,805,19354,2011,39441,0,0,0,1263,0,3074,36,143,55,25,0.68,6,0.16,5,False,False,False,False,0,0,0,0,1.3,1.6,0.5,,,243.3,268.9,451.9,,,151.10000000000002,235.7,320.4,,
Joey Desu,TOP,875,100,True,1909,3,6,5,1.33,184,0,184,5.78,11078,348.18,19622,616.721,325,15937,3359,32861,3518,34924,0,0,3,5915,2,5915,29,167,32,11,0.35,4,0.13,4,False,False,False,False,0,0,0,0,8,7.2,2.8,,,474.7,489.8,326.5,,,246.6,386.2,287,,
DynamiteLarry22,JUNGLE,RekSai,100,True,1909,6,3,6,4.00,39,143,182,5.72,11671,366.82,17013,534.72,0,10823,6189,32437,16403,28292,80,15,2,3584,0,34994,19,269,28,6,0.19,6,0.19,5,False,False,False,False,1,0,0,0,0.3,2.1,1.5,,,301,493,366.4,,,240.29999999999998,442.8,339.8,,
Skìzz,MIDDLE,Syndra,100,True,1909,7,6,8,2.50,193,19,212,6.66,13250,416.45,32319,1015.79,29120,921,2277,16330,494,9533,15,4,1,6016,0,9265,46,300,47,14,0.44,3,0.09,5,False,False,False,False,2,0,0,0,7.6000000000000005,7.3,3.3,,,503.2,505.90000000000003,316.3,,,336.7,536.9000000000001,323.5,,
epicfailguy456,BOTTOM,Kalista,100,True,1909,4,3,5,3.00,207,30,237,7.45,12291,386.31,18194,571.839,1300,15119,1774,11001,2155,8752,16,6,3,3773,0,12523,18,330,31,4,0.13,6,0.19,5,False,False,True,False,0,0,0,0,9.1,7.8999999999999995,3,,,317.2,448.4,288.8,,,284.4,459.3,351.3,,
Zylandis,BOTTOM,Taric,100,True,1909,1,4,12,3.25,22,0,22,0.69,7974,250.62,6527,205.144,3498,856,2172,13905,7096,25964,0,0,1,2053,0,4012,30,130,50,26,0.82,4,0.13,6,False,False,False,True,0,0,0,0,1.2,0.7999999999999999,0.2,,,293.1,345.3,227.39999999999998,,,158,311.4,215.10000000000002,,
Luhmo,JUNGLE,Malphite,200,False,1909,4,4,12,4.00,154,0,154,4.84,10406,327.06,18429,579.225,13555,4873,0,23031,971,33689,0,0,0,0,0,4460,36,490,23,11,0.35,2,0.06,3,False,False,False,False,0,0,0,0,5.699999999999999,5.800000000000001,3.8000000000000003,,,428.6,437.6,611.9000000000001,,,218.2,332.2,406,,
Àmànstèr,JUNGLE,Zac,200,False,1909,2,4,15,4.25,22,86,108,3.39,9165,288.06,10983,345.196,9028,1082,873,36160,27803,28686,74,0,1,636,0,17393,35,306,36,10,0.31,10,0.31,5,True,False,False,False,0,0,0,0,0.1,0.8999999999999999,1.2,,,262.6,286.6,611.5,,,254.5,257.70000000000005,322.20000000000005,,
itsGinga,MIDDLE,Orianna,200,False,1909,8,8,12,2.50,184,4,188,5.91,13207,415.10,22573,709.471,21592,808,172,21157,971,9109,0,0,0,0,0,10859,27,309,21,11,0.35,4,0.13,2,False,False,False,False,2,0,0,0,5.199999999999999,6.4,6.3,,,394.2,434.1,720.9000000000001,,,213.20000000000002,357.1,596.5,,
Mörtý,BOTTOM,Jhin,200,False,1909,3,2,11,7.00,194,8,202,6.35,10752,337.94,20341,639.319,1581,18540,219,17124,4171,8012,8,0,0,3527,0,17462,27,149,24,8,0.25,4,0.13,3,False,False,False,False,0,0,0,0,7.7,5,5.5,,,303.5,290.20000000000005,695.7,,,253.1,261.6,437.9,,
Rîçk,BOTTOM,Alistar,200,False,1909,5,3,14,6.33,23,4,27,0.85,9340,293.56,6686,210.141,5000,960,725,20107,18243,27448,0,0,0,426,0,2730,42,96,45,25,0.79,6,0.19,3,False,False,False,False,1,0,0,0,1.2,0.5,0.5,,,228.39999999999998,276.7,678.2,,,153.7,174.6,508.3,,
Laolis66,TOP,Ornn,100,False,1873,4,5,4,1.60,162,8,170,5.45,9804,314.06,17435,558.516,10301,6944,190,26107,2208,31641,4,0,0,888,0,989,45,620,13,8,0.26,0,0.00,0,False,False,False,False,1,0,0,0,6.3,6.2,3.7,,,449.29999999999995,428.5,395.4,,,222.7,278.2,414.6,,
DokiFTW,JUNGLE,Sejuani,100,False,1873,0,4,9,2.25,36,118,154,4.93,8458,270.94,8014,256.722,3980,3394,640,34281,10010,26297,72,12,0,0,0,22293,20,374,40,22,0.70,3,0.10,12,False,False,False,False,0,0,0,0,0.1,1.2,1.9000000000000001,,,277.4,308.3,411.5,,,232.3,270.7,264.70000000000005,,
UnitedRedMan,MIDDLE,Veigar,100,False,1873,4,8,5,1.12,180,10,190,6.09,11114,356.03,11280,361.345,10629,651,0,19260,1568,9156,7,0,0,3600,0,9866,20,125,18,11,0.35,3,0.10,1,False,False,False,False,1,0,0,0,6.6,6.8,4.6,,,424.1,434.4,505.79999999999995,,,236.70000000000002,359.29999999999995,449.6,,
Twelve and Six,MIDDLE,Ezreal,100,False,1873,4,5,6,2.00,158,4,162,5.19,10155,325.31,18886,604.997,7024,11862,0,16958,3453,5662,4,0,1,2200,0,6916,0,37,17,7,0.22,4,0.13,2,False,False,False,False,0,0,0,0,7.3,5.800000000000001,2.5,,,329.5,313.6,390.9,,,281.3,369.5,295.79999999999995,,
The Wizard Howl,MIDDLE,Braum,100,False,1873,0,8,7,0.88,44,0,44,1.41,6715,215.11,5092,163.118,4530,224,336,19862,1730,22152,0,0,1,123,0,123,25,158,46,21,0.67,7,0.22,5,False,False,False,False,0,0,0,0,1.2,2.3,0.9,,,283.5,262.3,403.2,,,152.60000000000002,240.7,208.1,,
seagull of irony,TOP,Poppy,200,True,1873,2,3,7,3.00,159,0,159,5.09,9362,299.90,16562,530.55,5317,11155,89,22072,1179,30531,0,0,1,1973,0,5297,38,405,17,10,0.32,3,0.10,1,False,False,False,False,0,0,0,0,6.6,6.300000000000001,2.8,,,483.8,526.4,361.3,,,229.39999999999998,305.20000000000005,297.9,,
PupSnap,JUNGLE,Amumu,200,True,1873,2,1,14,16.00,35,132,167,5.35,10451,334.79,10661,341.516,8329,953,1379,19969,7634,21495,73,24,1,1134,0,22975,42,259,31,14,0.45,7,0.22,6,False,False,False,True,0,0,0,0,0.2,1.7000000000000002,1.6,,,282.9,377.4,482.70000000000005,,,229.6,337.9,350.2,,
Dank Rain,MIDDLE,Neeko,200,True,1873,11,3,10,7.00,134,24,158,5.06,13323,426.79,27068,867.101,23988,1247,1832,14939,330,13131,16,4,1,5588,1,17290,55,175,23,11,0.35,3,0.10,1,True,False,True,False,1,0,0,0,7.2,4.4,1.8,,,531.4,361,424.6,,,355.3,426.1,431,,
rdubstres,BOTTOM,Xayah,200,True,1873,11,2,9,10.00,173,28,201,6.44,13741,440.18,25915,830.166,397,25169,348,13119,899,10482,16,1,2,8666,0,27470,27,95,28,10,0.32,7,0.22,0,False,False,False,True,3,0,0,0,7.8,5.699999999999999,3.7,,,342.1,452.4,510.1,,,281.4,465.5,469.9,,
Smªlls,BOTTOM,Rakan,200,True,1873,4,3,22,8.67,26,4,30,0.96,10219,327.36,10444,334.565,8034,1384,1025,15066,13422,22388,0,0,3,3170,0,8799,33,115,64,31,0.99,4,0.13,8,False,False,False,True,0,0,0,0,0.2,1.4000000000000001,0.8,,,300.1,452.4,350,,,187.3,380.4,348.1,,
seagull of irony,TOP,Ornn,100,True,2460,4,6,15,3.17,211,4,215,5.24,14747,359.68,33044,805.951,21090,11932,21,52729,7677,83658,0,0,2,10084,0,10424,72,913,36,12,0.29,2,0.05,1,False,False,False,False,0,0,0,0,5,7.1,4.7,,,417.1,467.6,298.9,,,288.79999999999995,327.3,323.29999999999995,,
PupSnap,JUNGLE,MonkeyKing,100,True,2460,3,13,6,0.69,18,159,177,4.32,11223,273.73,10035,244.756,2663,6831,540,41354,8370,24755,101,12,1,465,0,22620,19,237,36,14,0.34,5,0.12,4,False,False,False,False,0,0,0,0,0.2,0.4,0.1,,,289.5,302.8,143.3,,,250.10000000000002,270.1,191.6,,
Dank Rain,MIDDLE,Viktor,100,True,2460,16,3,6,7.33,190,11,201,4.90,17242,420.54,46327,1129.93,44638,1274,414,26148,5063,24974,9,2,1,332,1,4244,56,566,32,17,0.41,3,0.07,5,False,False,False,False,5,0,0,0,6.199999999999999,4.7,3.5999999999999996,,,412.1,354.6,320.4,,,228.9,309.1,420.4,,
rdubstres,MIDDLE,Jinx,100,True,2460,9,1,12,21.00,234,48,282,6.88,17029,415.34,42931,1047.1,1714,39134,2082,19729,433,20127,39,2,4,8844,1,21079,39,234,25,14,0.34,2,0.05,1,False,False,False,False,2,0,0,0,4,5.7,4,,,282,391.9,384.5,,,177,317.9,392.29999999999995,,
Smªlls,MIDDLE,Soraka,100,True,2460,2,11,20,2.00,14,0,14,0.34,9926,242.10,9521,232.22,7382,663,1475,18108,37968,10092,0,0,0,0,0,589,54,239,81,35,0.85,5,0.12,8,False,False,False,False,0,0,0,0,0.1,0.1,0.30000000000000004,,,178.6,235.7,383.7,,,135.9,229.2,233.20000000000002,,
Laolis66,TOP,Maokai,200,False,2460,3,4,14,4.25,144,0,144,3.51,11081,270.27,23343,569.341,19499,3844,0,53798,22922,71652,0,0,1,974,0,6740,105,703,25,11,0.27,2,0.05,3,False,False,False,False,0,0,0,0,4.9,4.6,2,,,403.1,424.29999999999995,341,,,243.8,330.5,244.6,,
DokiFTW,JUNGLE,Morgana,200,False,2460,5,10,15,2.00,57,112,169,4.12,13002,317.12,19603,478.122,17422,840,1340,37502,14625,26452,81,4,0,1676,0,20940,57,258,53,28,0.68,2,0.05,12,False,False,False,True,0,0,0,0,0.3,1.5,1.3,,,246.5,431.5,338.1,,,216.29999999999998,453.5,273.4,,
UnitedRedMan,MIDDLE,Ekko,200,False,2460,10,8,8,2.25,137,32,169,4.12,12740,310.73,26513,646.659,22161,3411,940,41991,10716,32393,32,0,0,3449,0,5274,28,296,23,14,0.34,0,0.00,2,False,False,False,True,0,0,0,0,5.2,3.2,1.9,,,405.79999999999995,323.2,396.5,,,203.29999999999998,313.6,341.9,,
Twelve and Six,BOTTOM,Varus,200,False,2460,14,4,13,6.75,210,40,250,6.10,17324,422.54,47764,1164.98,6142,40706,916,20727,3011,12571,24,0,4,5099,0,29846,55,510,36,5,0.12,16,0.39,2,False,False,True,False,0,0,0,0,6.7,6.1,3.5999999999999996,,,319.1,416.8,411.6,,,320.1,486.5,408.79999999999995,,
The Wizard Howl,BOTTOM,Nautilus,200,False,2460,2,8,15,2.12,38,0,38,0.93,9917,241.88,9466,230.878,5938,2906,622,29808,1368,71143,0,0,0,633,0,3211,78,477,76,35,0.85,3,0.07,11,True,False,False,True,0,0,0,0,1.6,1.3,0.4,,,274.7,343.6,293,,,242.60000000000002,297.6,198.6,,
Damien,TOP,Fiora,100,False,1778,1,2,0,0.50,250,8,258,8.71,11791,397.90,10626,358.583,386,6146,4093,21204,4480,15381,4,1,3,8121,0,11588,7,86,12,6,0.20,2,0.07,1,False,False,False,False,0,0,0,0,6.9,8.9,,,,440.29999999999995,534.7,,,,261.7,362.4,,,
Im James,JUNGLE,Graves,100,False,1778,1,4,0,0.25,39,118,157,5.30,8018,270.57,5776,194.916,388,4946,440,20586,7479,13076,95,5,0,566,0,15557,24,473,20,7,0.24,7,0.24,7,False,False,False,False,0,0,0,0,0.4,1.2,,,,297,367.29999999999995,,,,230.39999999999998,280.2,,,
Neversaw,MIDDLE,Vladimir,100,False,1778,2,6,0,0.33,217,11,228,7.69,10460,352.98,11436,385.917,10312,851,272,22994,17707,10750,7,0,1,2459,0,6804,4,100,25,11,0.37,0,0.00,5,False,False,False,False,0,0,0,0,9.2,5.9,,,,454.5,403.9,,,,278.3,379,,,
Katasoul,BOTTOM,Varus,100,False,1778,1,2,3,2.00,187,4,191,6.45,8821,297.67,9447,318.796,1730,7716,0,9477,2016,7711,4,0,0,0,0,4674,25,193,19,11,0.37,2,0.07,5,False,False,False,False,0,0,0,0,7.9,5.7,,,,309.7,296.6,,,,287,273.9,,,
Shebloong,BOTTOM,TahmKench,100,False,1778,0,4,4,1.00,31,4,35,1.18,5895,198.93,4879,164.646,4249,629,0,18370,3591,15594,0,0,0,0,0,1328,22,111,53,24,0.81,9,0.30,6,False,False,False,False,0,0,0,0,1.4,1.2,,,,267.4,246.8,,,,165.2,211.6,,,
Látona,TOP,Ornn,200,True,1778,4,1,4,8.00,197,0,197,6.65,12072,407.38,16757,565.478,8369,8387,0,18430,3716,30068,0,0,5,10629,0,18604,22,533,21,8,0.27,0,0.00,4,False,False,False,False,1,0,0,0,5.5,8.3,,,,488.6,577.2,,,,279.8,469.1,,,
Thrasian19,JUNGLE,Sejuani,200,True,1778,1,0,11,12.00,50,119,169,5.70,10193,343.97,8075,272.497,3146,4330,599,22265,9720,22924,59,13,3,1593,1,28737,20,296,40,4,0.13,12,0.40,5,False,False,True,False,0,0,0,0,0.2,1.9000000000000001,,,,301.1,474.79999999999995,,,,233.5,377.4,,,
Filbert The Wise,BOTTOM,Yasuo,200,True,1778,5,3,4,3.00,201,24,225,7.59,12237,412.95,11622,392.193,811,10379,432,11300,2315,15278,12,4,1,4214,1,28578,20,123,36,11,0.37,9,0.30,4,False,False,False,False,0,0,0,0,7.5,6.2,,,,292.6,429.29999999999995,,,,259.9,431.20000000000005,,,
Z3R0BII,MIDDLE,Syndra,200,True,1778,7,1,4,11.00,154,16,170,5.74,11124,375.39,22401,755.939,20477,1363,561,12060,1763,5658,8,0,1,4130,0,10605,36,166,18,10,0.34,1,0.03,4,False,False,False,False,1,0,0,0,6.6,5.5,,,,451.5,366.4,,,,268.9,433.20000000000005,,,
Dogster,BOTTOM,Yuumi,200,True,1778,1,0,11,12.00,9,0,9,0.30,7835,264.40,7769,262.171,5287,1780,702,5467,14147,6212,0,0,0,3285,1,5475,8,15,43,25,0.84,4,0.13,10,True,False,False,False,0,0,0,0,0.5,0.1,,,,275,298.1,,,,196.5,282.7,,,
Damien,TOP,Ornn,100,True,2042,3,4,16,4.75,183,8,191,5.61,11575,340.11,18619,547.081,10759,7469,390,34346,3081,62170,1,0,1,1680,1,5751,43,452,18,7,0.21,4,0.12,0,False,False,False,False,0,0,0,0,6.1,6.199999999999999,5.6,,,485.29999999999995,514.3,593.4000000000001,,,243,348,405.4,,
Im James,JUNGLE,Kindred,100,True,2042,7,5,14,4.20,40,118,158,4.64,12682,372.63,25696,755.024,4011,19931,1754,42540,17814,25800,81,6,6,6687,0,30045,10,301,36,6,0.18,7,0.21,5,False,False,True,False,0,0,0,0,0.1,1.6,1.7000000000000002,,,285.2,416.5,519.7,,,224.60000000000002,436.1,403.70000000000005,,
Neversaw,MIDDLE,Cassiopeia,100,True,2042,20,3,8,9.33,243,53,296,8.70,18514,544.00,42736,1255.71,41695,716,325,39597,18901,28578,36,13,0,762,0,19725,41,635,30,17,0.50,3,0.09,9,False,False,False,False,4,1,0,0,9.399999999999999,8.2,5.5,,,590.5,638.7,600.8,,,407,554.6,551.6,,
Katasoul,BOTTOM,Soraka,100,True,2042,0,2,17,8.50,164,0,164,4.82,9714,285.43,10252,301.234,8274,1359,618,20042,33340,15306,0,0,0,1934,0,3656,48,441,29,9,0.26,3,0.09,4,False,False,False,False,0,0,0,0,6.5,4.9,4.4,,,287.6,428.70000000000005,552.5,,,224.1,275.4,333.4,,
Shebloong,BOTTOM,Senna,100,True,2042,5,1,15,20.00,25,0,25,0.73,9887,290.51,21417,629.295,274,21143,0,16363,16378,8517,0,0,0,3618,0,6986,49,146,68,28,0.82,10,0.29,4,False,False,False,False,0,0,0,0,0.1,1.6,0.8,,,293.7,410.2,533.8,,,153.2,306.29999999999995,361.70000000000005,,
Látona,TOP,875,200,False,2042,0,10,4,0.40,210,0,210,6.17,10802,317.39,15845,465.573,1150,13092,1602,32648,1170,29908,0,0,2,7223,0,7223,25,152,15,10,0.29,2,0.06,2,False,False,False,False,0,0,0,0,8,6.3,5.3,,,464.9,423,373.8,,,329.4,292.1,316.3,,
Thrasian19,JUNGLE,Trundle,200,False,2042,4,7,5,1.29,32,153,185,5.44,12288,361.06,13009,382.243,4120,7889,999,51829,21807,54485,97,8,1,50,0,19935,27,712,32,8,0.24,6,0.18,9,True,False,False,False,1,0,0,0,0.1,0.8999999999999999,1,,,361.9,457.79999999999995,357.8,,,323,338.3,421.1,,
Filbert The Wise,MIDDLE,Viktor,200,False,2042,5,8,6,1.38,263,9,272,7.99,14813,435.25,38283,1124.87,38056,227,0,22649,2358,19845,9,0,0,1502,0,4494,35,466,25,10,0.29,2,0.06,3,False,False,False,False,0,0,0,0,8.1,8.4,6.199999999999999,,,489.4,645.2,402.5,,,271,515.8,361.4,,
Z3R0BII,BOTTOM,Ezreal,200,False,2042,5,6,5,1.67,229,21,250,7.35,12585,369.79,32762,962.644,8380,23376,1005,26326,2291,11433,13,4,1,2912,0,8649,7,58,16,9,0.26,5,0.15,1,False,False,False,False,1,1,0,0,8.4,9.1,4.800000000000001,,,293,367.8,411.9,,,269.5,350.7,337,,
Dogster,BOTTOM,Yuumi,200,False,2042,1,4,9,2.50,7,0,7,0.21,7034,206.68,12157,357.209,10083,1388,686,12317,21263,10225,0,0,0,514,0,1488,20,53,55,25,0.73,4,0.12,8,False,False,False,False,0,0,0,0,0,0.2,0.4,,,258.79999999999995,307.9,383.4,,,139.8,208.7,207.89999999999998,,
Látona,TOP,Darius,100,True,2012,6,2,3,4.50,252,4,256,7.63,15216,453.76,16427,489.871,0,11900,4526,24611,9920,42170,0,4,5,15391,0,16638,18,99,25,11,0.33,3,0.09,1,False,False,True,False,2,1,1,0,6.8,9.100000000000001,8,,,437,513.2,616.5,,,262.70000000000005,457.6,498.6,,
Thrasian19,JUNGLE,Sejuani,100,True,2012,1,5,8,1.80,28,120,148,4.41,9611,286.61,6421,191.481,3318,2846,256,27748,8756,32555,65,4,0,0,0,24045,20,288,26,7,0.21,8,0.24,8,False,False,False,False,0,0,0,0,0.1,1.5,0.8999999999999999,,,232.5,386,404.6,,,199.8,297.6,310.8,,
Filbert The Wise,TOP,Cassiopeia,100,True,2012,7,4,6,3.25,250,23,273,8.14,15372,458.41,20926,624.036,20154,460,312,18505,7225,11747,16,7,4,4318,1,9832,32,395,21,9,0.27,5,0.15,1,False,False,False,False,2,0,0,0,8.2,9.1,5.9,,,457.1,481.29999999999995,491.70000000000005,,,255.8,404,540,,
Flân,BOTTOM,Lucian,100,True,2012,1,2,8,4.50,183,21,204,6.08,10835,323.11,12563,374.642,1505,10854,204,12801,2555,8980,12,1,0,3154,0,9139,3,47,34,14,0.42,6,0.18,5,False,False,False,False,0,0,0,0,6.699999999999999,5.1,5,,,256.7,281.5,462.6,,,234.3,307.5,360.70000000000005,,
Dogster,BOTTOM,Braum,100,True,2012,0,3,8,2.67,27,0,27,0.81,7198,214.65,6593,196.61,5240,658,695,15017,1458,23717,0,0,0,367,0,2585,22,116,62,37,1.10,3,0.09,11,False,False,False,False,0,0,0,0,1.2,1.2999999999999998,0.2,,,232.5,245.9,389.1,,,152.5,201,236.6,,
Damien,TOP,Ornn,200,False,2012,1,2,3,2.00,199,4,203,6.05,10675,318.34,11055,329.672,6811,3011,1233,17546,2222,25380,1,0,1,1056,0,1853,25,502,14,8,0.24,1,0.03,0,False,False,False,False,0,0,0,0,5.8,7.4,5.4,,,405.20000000000005,534.1,489.7,,,234.5,323,332.5,,
Im James,JUNGLE,Trundle,200,False,2012,2,4,12,3.50,36,91,127,3.79,10148,302.62,9004,268.509,3186,5185,632,36280,19632,37093,59,8,1,1012,0,22756,27,334,33,8,0.24,8,0.24,7,True,False,False,False,0,0,0,0,0.1,1.1,1.2999999999999998,,,230.4,406.20000000000005,338.79999999999995,,,252.2,352,247.3,,
Neversaw,MIDDLE,Viktor,200,False,2012,7,2,3,5.00,230,64,294,8.77,14018,418.03,27230,812.028,25445,131,1654,12524,1328,13781,41,12,0,389,0,9621,23,578,41,12,0.36,2,0.06,3,False,False,False,False,1,0,0,0,7.5,9,5.5,,,494.9,571,465.6,,,318.7,411,412.70000000000005,,
Katasoul,BOTTOM,Xayah,200,False,2012,6,3,6,4.00,193,23,216,6.44,12510,373.06,15804,471.292,629,14214,960,11677,2231,5580,16,3,0,498,0,22067,10,57,35,13,0.39,5,0.15,6,False,False,False,False,1,0,0,0,6.4,6.9,5,,,276.5,383.6,385.8,,,253.29999999999998,393.6,417.6,,
Shebloong,BOTTOM,Karma,200,False,2012,0,4,8,2.00,28,0,28,0.83,7147,213.13,9230,275.249,8874,324,31,12179,1629,8523,0,0,0,436,0,7468,19,195,69,29,0.86,9,0.27,7,False,False,False,False,0,0,0,0,0.6000000000000001,1.1,0.7,,,250.2,272.6,253.6,,,144.7,211.7,219.2,,
Rurfu,TOP,Maokai,100,True,2420,1,4,16,4.25,186,16,202,5.01,12750,316.12,17962,445.339,16475,1007,480,34508,15341,56661,7,0,2,2815,0,12555,76,779,33,12,0.30,4,0.10,2,False,False,False,False,0,0,0,0,4.9,6.2,3.8,,,363.5,404.1,415.9,,,195,301.4,253.7,,
I MUTE YOU,JUNGLE,Olaf,100,True,2420,4,5,7,2.20,69,185,254,6.30,15135,375.25,15524,384.893,0,9722,5801,32867,16655,45832,123,12,0,2584,0,22668,11,684,59,6,0.15,20,0.50,4,False,False,False,False,0,0,0,0,0.3,1.3,2.8000000000000003,,,339.7,340.4,614.4,,,301,337.6,449.09999999999997,,
Kataris,MIDDLE,Syndra,100,True,2420,4,8,12,2.00,286,19,305,7.56,15699,389.23,26480,656.529,25046,490,944,19799,3741,14387,12,3,2,2121,0,5558,30,403,37,15,0.37,4,0.10,2,False,False,False,False,0,0,0,0,7.1,9,6.3,,,398.9,476.1,349.2,,,294.4,350.7,298,,
Mkrty,BOTTOM,Caitlyn,100,True,2420,12,5,5,3.40,292,12,304,7.54,19605,486.07,30342,752.281,2404,27342,596,17063,2505,14617,8,0,3,11910,2,38430,27,119,52,17,0.42,4,0.10,6,False,False,False,False,4,1,0,0,5.9,8.1,7,,,292.6,468.1,490.1,,,247.9,381,542.9,,
Yumo,BOTTOM,875,100,True,2420,3,6,7,1.67,41,4,45,1.12,9784,242.58,8025,198.967,315,6202,1507,21135,3080,25970,0,0,0,224,0,5960,19,69,91,37,0.92,16,0.40,10,False,False,False,False,0,0,0,0,1.1,1.4,1.3,,,206.2,219.4,379.4,,,143.6,229.4,191.7,,
I live with 1 HP,TOP,Renekton,200,False,2420,13,4,3,4.00,304,10,314,7.79,19626,486.60,21970,544.711,3750,17539,680,44995,11141,58066,6,0,2,5280,0,13027,19,41,30,14,0.35,2,0.05,3,False,False,True,False,4,0,0,0,8.2,9.899999999999999,7.9,,,500.09999999999997,586.6,679.9000000000001,,,391.20000000000005,606.2,500.6,,
The Chosen Gamer,JUNGLE,JarvanIV,200,False,2420,0,8,16,2.00,40,106,146,3.62,10558,261.77,6467,160.339,1104,4798,564,34745,9737,41078,73,4,0,1128,0,18437,15,345,32,11,0.27,4,0.10,14,False,False,False,False,0,0,0,0,0.3,1.6,1.7000000000000002,,,278.3,445.7,490,,,235.89999999999998,277.6,302.6,,
Venòmz,MIDDLE,Cassiopeia,200,False,2420,3,5,15,3.60,222,20,242,6.00,13472,334.02,28581,708.62,27859,341,379,25562,9543,14542,16,4,0,990,0,20148,44,631,41,17,0.42,8,0.20,6,False,False,False,False,0,0,0,0,6.2,6.1,4,,,394.6,431.70000000000005,428.6,,,266,322.4,375.4,,
Elsa from Frozen,BOTTOM,Jhin,200,False,2420,9,4,10,4.75,215,41,256,6.35,15594,386.63,21436,531.471,2949,17758,729,17692,4432,11154,35,5,2,2450,0,27749,38,200,43,13,0.32,7,0.17,3,True,False,False,False,2,0,0,0,6.3,5.1,5.1,,,274.6,362.3,502.90000000000003,,,349.6,409.3,370,,
VillaEnders,BOTTOM,Velkoz,200,False,2420,3,3,12,5.00,24,0,24,0.60,9852,244.26,22906,567.917,15581,381,6943,11401,416,3550,0,0,0,1073,0,9962,33,229,69,35,0.87,7,0.17,6,False,False,False,False,0,0,0,0,0.30000000000000004,0.2,1,,,237.10000000000002,250.8,430,,,186.7,223.3,297.70000000000005,,
I live with 1 HP,TOP,Urgot,100,True,2259,13,3,8,7.00,260,20,280,7.44,17647,468.71,24383,647.623,628,20665,3089,31595,15545,58631,13,0,3,5007,0,17470,46,375,23,10,0.27,4,0.11,0,False,False,False,False,3,1,0,0,5.9,5.9,9.2,,,448.79999999999995,462.9,726.2,,,220.3,459.8,536.5,,
The Chosen Gamer,JUNGLE,Ivern,100,True,2259,0,5,22,4.40,38,104,142,3.77,10953,290.92,8779,233.174,3899,2700,2179,15424,10665,16477,76,4,0,2670,0,11060,40,300,26,6,0.16,6,0.16,7,False,False,False,False,0,0,0,0,0.7,1.4,1.4,,,316.2,455.5,390.9,,,240.5,302.8,244.7,,
Venòmz,MIDDLE,Zoe,100,True,2259,10,3,15,8.33,149,8,157,4.17,14052,373.23,32441,861.647,23737,1792,6910,14944,4314,9032,8,0,0,764,0,9774,35,141,39,18,0.48,2,0.05,6,False,False,False,False,0,0,0,0,6.7,5.3,2.2,,,496.4,423.1,347.4,,,351.5,373.2,304.3,,
Elsa from Frozen,MIDDLE,Tristana,100,True,2259,13,3,10,7.67,314,16,330,8.76,19291,512.38,31550,837.981,3168,23562,4819,18856,8293,12896,12,0,6,13655,1,22869,7,101,46,14,0.37,9,0.24,2,True,False,False,False,3,1,0,0,6.7,8.3,9.8,,,303.3,468.5,513.5,,,386.20000000000005,466.7,518,,
VillaEnders,MIDDLE,Blitzcrank,100,True,2259,0,6,24,4.00,29,0,29,0.77,8833,234.61,9228,245.1,5996,1914,1318,24248,5924,37362,0,0,0,1872,0,2282,41,213,69,30,0.80,5,0.13,8,False,False,False,False,0,0,0,0,1.2,1,0.6,,,299.7,306.5,377.09999999999997,,,204.4,211.10000000000002,202.4,,
Rurfu,TOP,Darius,200,False,2259,4,5,7,2.20,203,12,215,5.71,13380,355.38,21123,561.036,859,16348,3916,34497,9719,39440,5,4,1,5840,0,14713,34,110,23,12,0.32,1,0.03,2,False,False,True,False,0,0,0,0,7.8,6.6,4.9,,,449.4,558.1,351.4,,,253.5,552.9,308.8,,
I MUTE YOU,JUNGLE,Graves,200,False,2259,9,9,4,1.44,50,200,250,6.64,15148,402.34,24622,653.971,1636,21180,1805,32855,10324,27043,133,23,1,1354,1,39108,36,825,43,7,0.19,9,0.24,5,False,False,False,False,3,0,0,0,0.4,1.3,1.5,,,351.1,465.6,535.6,,,338.8,502.7,346.2,,
Kataris,MIDDLE,Kassadin,200,False,2259,4,8,5,1.12,243,43,286,7.60,15182,403.24,17420,462.683,15687,995,737,27029,8058,21837,29,5,0,907,0,13732,14,161,23,11,0.29,2,0.05,2,False,False,False,False,1,1,0,0,7.5,5.699999999999999,6.6,,,458.5,399.6,562,,,263.5,419.5,376.29999999999995,,
Mkrty,BOTTOM,Caitlyn,200,False,2259,2,7,8,1.43,265,9,274,7.28,14028,372.59,16530,439.044,1146,14792,591,17004,1635,7394,1,4,3,6392,0,15013,41,96,61,19,0.50,7,0.19,7,False,False,False,False,0,0,0,0,6.9,7.8,7.199999999999999,,,270.8,452.7,460.7,,,244.89999999999998,471.5,396.1,,
Yumo,BOTTOM,Leona,200,False,2259,1,7,8,1.29,35,4,39,1.04,8471,224.99,6434,170.89,4036,1447,950,21494,1382,26089,0,0,1,620,0,1361,45,92,62,36,0.96,5,0.13,6,False,False,False,False,0,0,0,0,1.1,1.6,0.2,,,225.4,392.1,148.89999999999998,,,149.1,310.2,198.8,,
Rurfu,TOP,Maokai,100,True,1466,1,1,8,9.00,124,0,124,5.08,7610,311.46,8009,327.79,7054,869,86,11374,4911,10889,0,0,1,1873,1,5683,43,304,12,8,0.33,1,0.04,2,False,False,False,False,0,0,0,0,5.699999999999999,5.7,,,,409.9,422.7,,,,214.20000000000002,309.9,,,
I MUTE YOU,JUNGLE,Graves,100,True,1466,3,1,4,7.00,61,141,202,8.27,10222,418.36,8859,362.578,592,7859,408,12421,5968,7237,83,21,1,4114,0,29979,8,602,26,7,0.29,7,0.29,5,False,False,False,False,0,0,0,0,1.6,2.3,,,,398.5,496.9,,,,296.4,389.79999999999995,,,
Kataris,MIDDLE,Vladimir,100,True,1466,6,1,6,12.00,174,4,178,7.29,10587,433.30,13609,556.985,12053,1003,553,13530,13870,5207,0,4,1,4069,0,7735,2,41,15,8,0.33,4,0.16,0,False,False,False,False,1,0,0,0,7.4,7.4,,,,465.9,439.70000000000005,,,,333.8,419,,,
Mkrty,BOTTOM,Jinx,100,True,1466,8,0,5,13.00,161,8,169,6.92,11292,462.16,13444,550.232,980,11969,493,6281,1276,2397,0,8,6,10377,1,24423,11,74,30,9,0.37,4,0.16,3,False,False,True,False,3,0,0,0,7.5,6.699999999999999,,,,324.79999999999995,356.8,,,,343.3,409.6,,,
Yumo,MIDDLE,Leona,100,True,1466,0,1,13,13.00,23,0,23,0.94,6507,266.32,3802,155.607,2939,802,60,7237,569,7999,0,0,0,959,0,1599,28,76,44,25,1.02,1,0.04,7,False,False,False,False,0,0,0,0,1.1,0.7,,,,241.10000000000002,264.8,,,,151.7,275.3,,,
I live with 1 HP,TOP,Darius,200,False,1466,1,2,1,1.00,160,4,164,6.71,7845,321.08,5145,210.573,63,5081,0,13425,1041,8263,0,0,1,2031,0,10862,11,70,13,8,0.33,1,0.04,1,True,False,False,False,0,0,0,0,7.2,8.4,,,,458.5,477.6,,,,295.6,371.7,,,
The Chosen Gamer,JUNGLE,Ivern,200,False,1466,0,5,3,0.60,14,96,110,4.50,6004,245.73,2507,102.606,1638,869,0,10273,4257,8533,76,4,0,0,0,335,13,82,27,12,0.49,5,0.20,3,False,False,False,False,0,0,0,0,0.2,1,,,,232.5,337.6,,,,195.39999999999998,267.2,,,
Venòmz,MIDDLE,Kassadin,200,False,1466,2,2,1,1.50,169,0,169,6.92,7976,326.44,11343,464.243,10279,1063,0,13922,4259,9254,0,0,0,0,0,0,17,135,12,8,0.33,1,0.04,3,False,False,False,False,1,0,0,0,7,7.7,,,,483.1,447.20000000000005,,,,235,303,,,
Elsa from Frozen,BOTTOM,Vayne,200,False,1466,1,4,2,0.75,165,0,165,6.75,7796,319.07,3852,157.653,204,2870,778,8709,1261,3558,0,0,0,0,0,442,4,9,6,4,0.16,0,0.00,1,False,False,False,False,0,0,0,0,6.6,7.9,,,,293.5,317,,,,233.89999999999998,298.29999999999995,,,
VillaEnders,BOTTOM,Blitzcrank,200,False,1466,0,5,3,0.60,33,0,33,1.35,4858,198.83,5017,205.334,3089,958,970,13576,826,12876,0,0,0,0,0,98,17,82,28,14,0.57,1,0.04,5,False,False,False,False,0,0,0,0,1.2999999999999998,1.8,,,,220.5,284,,,,144.8,211.5,,,
